user_id,date_time,type,duration,volume_MB,region
user_0244,2025-06-23 09:21:00,data,0,462.74,Atakpamé
user_0328,2025-01-02 22:16:00,call,154,0,Kara
user_0335,2025-06-11 22:46:00,sms,0,0,Atakpamé
user_0249,2025-05-29 02:17:00,sms,0,0,Atakpamé
user_0287,2025-06-28 06:06:00,call,271,0,Tsévié
user_0181,2025-01-21 01:15:00,data,0,382.54,Dapaong
user_0342,2025-03-07 17:03:00,data,0,238.95,Sokodé
user_0110,2025-05-31 20:12:00,data,0,141.32,Dapaong
user_0308,2025-04-22 09:53:00,data,0,246.48,Atakpamé
user_0469,2025-03-31 05:00:00,sms,0,0,Dapaong
user_0212,2025-05-08 22:06:00,call,438,0,Atakpamé
user_0114,2025-03-01 04:55:00,call,316,0,Atakpamé
user_0091,2025-02-23 16:17:00,data,0,61.15,Sokodé
user_0024,2025-06-06 23:29:00,call,325,0,Dapaong
user_0145,2025-01-28 15:49:00,call,264,0,Atakpamé
user_0240,2025-03-16 09:18:00,sms,0,0,Atakpamé
user_0414,2025-03-23 01:48:00,call,400,0,Sokodé
user_0093,2025-05-11 15:09:00,call,304,0,Kpalimé
user_0420,2025-05-31 20:17:00,sms,0,0,Atakpamé
user_0498,2025-04-16 10:13:00,call,325,0,Sokodé
user_0074,2025-01-09 22:21:00,call,459,0,Atakpamé
user_0479,2025-01-15 10:07:00,sms,0,0,Lomé
user_0207,2025-04-20 04:18:00,sms,0,0,Atakpamé
user_0247,2025-03-26 08:27:00,sms,0,0,Lomé
user_0124,2025-06-11 23:11:00,call,270,0,Dapaong
user_0468,2025-01-04 19:56:00,call,294,0,Tsévié
user_0439,2025-03-05 09:40:00,data,0,249.52,Kara
user_0445,2025-03-28 23:50:00,sms,0,0,Tsévié
user_0271,2025-06-23 02:32:00,sms,0,0,Tsévié
user_0211,2025-03-27 04:24:00,data,0,443.54,Dapaong
user_0429,2025-03-20 07:37:00,data,0,386.11,Tsévié
user_0156,2025-06-08 13:14:00,call,454,0,Kara
user_0364,2025-06-09 05:43:00,call,285,0,Kara
user_0347,2025-05-06 07:01:00,call,304,0,Sokodé
user_0335,2025-05-30 11:02:00,sms,0,0,Kara
user_0484,2025-03-24 08:40:00,call,375,0,Tsévié
user_0164,2025-04-04 10:39:00,data,0,428.68,Sokodé
user_0489,2025-04-25 10:23:00,data,0,487.01,Lomé
user_0098,2025-04-26 10:40:00,call,247,0,Dapaong
user_0278,2025-04-04 01:21:00,call,490,0,Lomé
user_0356,2025-06-15 15:18:00,call,377,0,Atakpamé
user_0253,2025-06-04 20:37:00,data,0,208.56,Sokodé
user_0266,2025-01-02 19:07:00,sms,0,0,Sokodé
user_0014,2025-02-01 01:57:00,sms,0,0,Tsévié
user_0002,2025-03-13 00:19:00,call,198,0,Atakpamé
user_0209,2025-05-22 08:05:00,data,0,492.97,Atakpamé
user_0082,2025-02-28 11:29:00,sms,0,0,Dapaong
user_0146,2025-05-01 09:42:00,sms,0,0,Lomé
user_0111,2025-02-20 17:56:00,data,0,183.46,Atakpamé
user_0076,2025-04-15 05:21:00,data,0,28.95,Kara
user_0136,2025-01-22 10:19:00,data,0,61.56,Dapaong
user_0290,2025-01-09 11:52:00,data,0,341.17,Atakpamé
user_0293,2025-04-28 09:24:00,data,0,12.79,Atakpamé
user_0471,2025-06-18 02:50:00,sms,0,0,Sokodé
user_0500,2025-06-06 22:10:00,call,518,0,Tsévié
user_0191,2025-05-03 09:54:00,data,0,159.2,Kara
user_0408,2025-05-13 04:03:00,sms,0,0,Kara
user_0212,2025-03-27 20:30:00,call,138,0,Lomé
user_0083,2025-06-10 02:55:00,call,273,0,Kara
user_0418,2025-05-30 16:22:00,call,419,0,Tsévié
user_0337,2025-04-16 17:51:00,data,0,130.28,Tsévié
user_0378,2025-06-15 10:24:00,data,0,155.76,Atakpamé
user_0104,2025-04-29 08:38:00,call,165,0,Tsévié
user_0026,2025-06-20 17:35:00,call,220,0,Lomé
user_0289,2025-04-28 11:07:00,sms,0,0,Kpalimé
user_0072,2025-06-19 21:12:00,sms,0,0,Lomé
user_0051,2025-06-26 11:31:00,data,0,94.35,Kpalimé
user_0201,2025-04-18 00:55:00,sms,0,0,Tsévié
user_0034,2025-06-26 13:57:00,data,0,220.25,Tsévié
user_0070,2025-06-13 05:54:00,data,0,489.27,Dapaong
user_0155,2025-03-11 10:58:00,call,174,0,Kpalimé
user_0264,2025-02-17 19:22:00,sms,0,0,Sokodé
user_0183,2025-06-23 10:22:00,data,0,466.63,Lomé
user_0006,2025-04-28 00:51:00,sms,0,0,Kpalimé
user_0342,2025-06-04 10:53:00,call,453,0,Tsévié
user_0460,2025-03-24 13:47:00,sms,0,0,Atakpamé
user_0415,2025-03-13 15:52:00,data,0,209.76,Dapaong
user_0395,2025-02-02 08:54:00,data,0,121.11,Kpalimé
user_0290,2025-04-06 15:22:00,call,131,0,Kara
user_0215,2025-06-14 12:45:00,data,0,187.54,Lomé
user_0157,2025-06-14 07:46:00,sms,0,0,Tsévié
user_0033,2025-01-02 13:40:00,call,586,0,Dapaong
user_0498,2025-06-25 07:37:00,call,48,0,Kpalimé
user_0233,2025-06-07 00:58:00,sms,0,0,Tsévié
user_0140,2025-06-10 05:42:00,data,0,289.92,Lomé
user_0214,2025-01-20 04:44:00,sms,0,0,Kpalimé
user_0387,2025-01-02 00:56:00,data,0,216.3,Lomé
user_0215,2025-02-10 14:07:00,call,503,0,Atakpamé
user_0237,2025-03-21 15:31:00,sms,0,0,Atakpamé
user_0267,2025-03-03 00:02:00,data,0,16.0,Lomé
user_0092,2025-05-12 04:37:00,sms,0,0,Kpalimé
user_0083,2025-04-19 21:50:00,sms,0,0,Dapaong
user_0038,2025-01-01 19:29:00,call,36,0,Kara
user_0126,2025-03-20 21:00:00,data,0,102.98,Tsévié
user_0459,2025-01-17 12:24:00,data,0,135.62,Atakpamé
user_0151,2025-01-30 15:31:00,sms,0,0,Tsévié
user_0214,2025-05-29 14:45:00,data,0,82.48,Tsévié
user_0261,2025-04-16 01:14:00,sms,0,0,Atakpamé
user_0470,2025-05-24 06:34:00,data,0,173.18,Atakpamé
user_0354,2025-04-02 12:05:00,sms,0,0,Atakpamé
user_0105,2025-04-26 12:18:00,sms,0,0,Sokodé
user_0297,2025-01-04 09:16:00,data,0,421.57,Atakpamé
user_0500,2025-05-08 15:44:00,sms,0,0,Sokodé
user_0439,2025-02-04 19:31:00,call,426,0,Sokodé
user_0155,2025-03-05 18:43:00,call,117,0,Sokodé
user_0158,2025-04-14 08:19:00,call,304,0,Sokodé
user_0273,2025-03-30 10:45:00,call,155,0,Sokodé
user_0266,2025-05-18 15:32:00,call,79,0,Kpalimé
user_0008,2025-04-26 13:52:00,sms,0,0,Sokodé
user_0186,2025-02-13 06:17:00,sms,0,0,Tsévié
user_0359,2025-06-15 04:26:00,sms,0,0,Tsévié
user_0223,2025-02-10 18:32:00,data,0,334.92,Kpalimé
user_0149,2025-04-05 01:13:00,data,0,37.95,Kara
user_0066,2025-03-06 13:05:00,call,117,0,Lomé
user_0296,2025-03-19 22:54:00,data,0,491.38,Dapaong
user_0051,2025-04-26 19:32:00,data,0,281.38,Kara
user_0046,2025-01-09 06:47:00,sms,0,0,Atakpamé
user_0020,2025-04-13 05:43:00,sms,0,0,Lomé
user_0046,2025-05-20 06:54:00,data,0,5.18,Sokodé
user_0410,2025-03-07 20:19:00,call,321,0,Kpalimé
user_0188,2025-06-06 10:46:00,data,0,108.11,Kara
user_0207,2025-06-12 22:10:00,call,308,0,Kara
user_0148,2025-03-15 02:56:00,call,192,0,Lomé
user_0155,2025-06-04 10:01:00,data,0,208.27,Atakpamé
user_0066,2025-03-04 23:13:00,data,0,261.98,Dapaong
user_0253,2025-02-28 20:57:00,sms,0,0,Sokodé
user_0301,2025-05-18 05:19:00,call,262,0,Dapaong
user_0003,2025-05-07 03:44:00,sms,0,0,Lomé
user_0163,2025-05-28 05:57:00,call,49,0,Kpalimé
user_0047,2025-04-06 16:28:00,sms,0,0,Sokodé
user_0044,2025-02-01 17:56:00,data,0,150.66,Lomé
user_0044,2025-02-05 08:47:00,call,471,0,Tsévié
user_0090,2025-03-09 13:49:00,data,0,68.28,Tsévié
user_0088,2025-03-31 22:02:00,sms,0,0,Atakpamé
user_0162,2025-06-13 18:45:00,data,0,422.59,Lomé
user_0106,2025-06-20 05:59:00,sms,0,0,Kara
user_0243,2025-03-06 07:10:00,call,219,0,Sokodé
user_0078,2025-06-23 01:43:00,sms,0,0,Kara
user_0422,2025-01-21 12:44:00,sms,0,0,Atakpamé
user_0203,2025-03-01 10:21:00,call,155,0,Kpalimé
user_0361,2025-01-02 15:16:00,call,565,0,Kara
user_0466,2025-03-15 01:30:00,data,0,218.17,Tsévié
user_0049,2025-04-16 18:42:00,call,344,0,Dapaong
user_0399,2025-06-15 08:08:00,sms,0,0,Kpalimé
user_0175,2025-04-20 00:08:00,data,0,156.2,Dapaong
user_0465,2025-06-27 03:10:00,data,0,218.14,Tsévié
user_0247,2025-06-08 12:42:00,data,0,240.02,Kara
user_0002,2025-03-02 11:38:00,data,0,144.62,Kpalimé
user_0254,2025-03-05 12:17:00,data,0,448.77,Tsévié
user_0428,2025-05-15 16:33:00,call,135,0,Tsévié
user_0307,2025-05-18 06:46:00,data,0,342.2,Atakpamé
user_0362,2025-04-28 18:00:00,call,26,0,Lomé
user_0048,2025-05-24 22:14:00,sms,0,0,Kpalimé
user_0361,2025-02-27 16:25:00,call,269,0,Atakpamé
user_0235,2025-02-19 13:56:00,sms,0,0,Kpalimé
user_0333,2025-04-08 17:33:00,data,0,377.34,Dapaong
user_0144,2025-02-03 18:50:00,call,341,0,Sokodé
user_0427,2025-01-21 22:48:00,data,0,399.24,Lomé
user_0023,2025-04-13 19:34:00,data,0,415.12,Tsévié
user_0088,2025-03-26 04:16:00,sms,0,0,Kara
user_0491,2025-02-03 03:12:00,call,597,0,Atakpamé
user_0497,2025-05-24 02:21:00,sms,0,0,Kara
user_0420,2025-05-23 05:15:00,call,428,0,Kara
user_0214,2025-05-29 13:08:00,call,116,0,Kara
user_0269,2025-05-11 00:20:00,sms,0,0,Kpalimé
user_0436,2025-06-11 09:25:00,sms,0,0,Atakpamé
user_0489,2025-02-16 12:09:00,data,0,487.09,Sokodé
user_0484,2025-01-27 13:02:00,data,0,297.18,Kpalimé
user_0218,2025-03-13 18:00:00,call,127,0,Tsévié
user_0071,2025-06-29 02:17:00,sms,0,0,Tsévié
user_0400,2025-04-05 19:38:00,call,169,0,Atakpamé
user_0161,2025-02-09 21:45:00,data,0,284.21,Dapaong
user_0117,2025-01-15 19:41:00,data,0,118.64,Dapaong
user_0076,2025-01-05 17:19:00,call,292,0,Dapaong
user_0008,2025-01-12 01:38:00,call,15,0,Atakpamé
user_0293,2025-05-03 10:31:00,call,570,0,Atakpamé
user_0453,2025-05-12 23:26:00,sms,0,0,Tsévié
user_0030,2025-06-16 13:05:00,sms,0,0,Atakpamé
user_0276,2025-01-23 22:50:00,call,104,0,Sokodé
user_0079,2025-04-30 21:16:00,data,0,401.79,Tsévié
user_0194,2025-03-19 04:46:00,data,0,168.39,Sokodé
user_0206,2025-06-17 16:37:00,data,0,243.55,Lomé
user_0218,2025-06-03 08:47:00,data,0,280.18,Atakpamé
user_0312,2025-03-31 09:44:00,data,0,59.76,Tsévié
user_0267,2025-05-29 17:50:00,call,358,0,Kara
user_0286,2025-04-06 07:13:00,call,121,0,Atakpamé
user_0151,2025-04-01 00:31:00,sms,0,0,Sokodé
user_0239,2025-03-14 14:52:00,sms,0,0,Kpalimé
user_0380,2025-04-08 15:03:00,call,151,0,Tsévié
user_0055,2025-04-30 22:18:00,call,547,0,Lomé
user_0054,2025-03-21 13:35:00,data,0,86.7,Lomé
user_0155,2025-02-02 10:16:00,sms,0,0,Atakpamé
user_0035,2025-03-30 18:47:00,data,0,352.16,Dapaong
user_0405,2025-05-04 13:21:00,data,0,34.33,Kara
user_0226,2025-03-06 16:54:00,data,0,61.38,Kpalimé
user_0441,2025-01-25 13:42:00,sms,0,0,Atakpamé
user_0458,2025-03-29 14:11:00,sms,0,0,Atakpamé
user_0450,2025-05-07 05:17:00,data,0,237.26,Kpalimé
user_0380,2025-06-28 23:43:00,sms,0,0,Kpalimé
user_0111,2025-04-13 20:13:00,data,0,286.79,Kpalimé
user_0497,2025-01-19 11:50:00,sms,0,0,Lomé
user_0157,2025-03-01 23:00:00,data,0,272.01,Kpalimé
user_0495,2025-02-03 07:31:00,data,0,137.94,Sokodé
user_0407,2025-01-29 03:48:00,call,49,0,Sokodé
user_0012,2025-02-03 00:21:00,sms,0,0,Kara
user_0111,2025-04-26 03:59:00,data,0,310.14,Dapaong
user_0058,2025-01-24 05:28:00,call,10,0,Dapaong
user_0479,2025-02-05 11:59:00,sms,0,0,Kpalimé
user_0339,2025-01-28 01:47:00,sms,0,0,Kara
user_0394,2025-04-12 07:18:00,call,212,0,Kara
user_0066,2025-04-16 17:05:00,data,0,321.83,Kpalimé
user_0004,2025-02-27 01:38:00,call,40,0,Tsévié
user_0326,2025-01-02 07:11:00,call,512,0,Dapaong
user_0356,2025-01-17 23:10:00,call,522,0,Dapaong
user_0098,2025-03-07 23:53:00,call,339,0,Sokodé
user_0062,2025-03-09 12:37:00,sms,0,0,Dapaong
user_0326,2025-03-09 08:24:00,call,231,0,Tsévié
user_0496,2025-05-09 16:19:00,call,543,0,Tsévié
user_0403,2025-03-03 04:57:00,data,0,13.76,Atakpamé
user_0478,2025-06-22 14:53:00,sms,0,0,Dapaong
user_0056,2025-06-03 15:32:00,data,0,395.83,Atakpamé
user_0367,2025-01-23 07:56:00,data,0,311.72,Kpalimé
user_0036,2025-01-18 07:13:00,call,228,0,Sokodé
user_0190,2025-06-12 09:47:00,sms,0,0,Lomé
user_0447,2025-05-29 00:32:00,sms,0,0,Sokodé
user_0327,2025-03-09 13:15:00,call,121,0,Atakpamé
user_0269,2025-02-22 20:51:00,sms,0,0,Atakpamé
user_0187,2025-06-21 06:42:00,data,0,404.52,Dapaong
user_0086,2025-03-25 19:14:00,call,558,0,Atakpamé
user_0304,2025-02-26 13:19:00,sms,0,0,Lomé
user_0192,2025-06-30 02:03:00,data,0,456.72,Atakpamé
user_0151,2025-04-11 07:50:00,call,588,0,Atakpamé
user_0178,2025-05-04 14:19:00,call,40,0,Sokodé
user_0461,2025-03-06 19:49:00,sms,0,0,Tsévié
user_0458,2025-01-08 00:22:00,data,0,366.93,Tsévié
user_0221,2025-02-13 00:32:00,call,168,0,Dapaong
user_0269,2025-06-22 10:00:00,data,0,488.24,Kpalimé
user_0302,2025-01-30 03:32:00,data,0,315.53,Kpalimé
user_0239,2025-01-09 02:45:00,call,275,0,Sokodé
user_0199,2025-05-15 02:08:00,data,0,11.99,Sokodé
user_0352,2025-03-16 05:09:00,sms,0,0,Dapaong
user_0165,2025-03-19 13:26:00,data,0,381.33,Atakpamé
user_0264,2025-01-10 00:34:00,sms,0,0,Dapaong
user_0017,2025-03-03 02:45:00,sms,0,0,Kpalimé
user_0033,2025-04-28 03:01:00,call,125,0,Kara
user_0106,2025-06-11 15:37:00,call,541,0,Tsévié
user_0190,2025-01-30 04:08:00,call,378,0,Lomé
user_0175,2025-03-08 12:35:00,sms,0,0,Tsévié
user_0104,2025-02-17 20:19:00,sms,0,0,Sokodé
user_0128,2025-04-19 18:43:00,call,168,0,Kpalimé
user_0498,2025-01-23 11:32:00,data,0,286.48,Tsévié
user_0098,2025-05-30 21:51:00,data,0,472.72,Lomé
user_0475,2025-01-13 00:41:00,sms,0,0,Kpalimé
user_0196,2025-06-09 16:45:00,call,57,0,Dapaong
user_0112,2025-03-25 02:13:00,call,298,0,Lomé
user_0152,2025-03-31 16:50:00,data,0,495.72,Atakpamé
user_0260,2025-06-17 05:06:00,data,0,421.12,Lomé
user_0110,2025-01-09 01:19:00,data,0,408.5,Dapaong
user_0453,2025-02-12 12:22:00,data,0,221.92,Sokodé
user_0378,2025-06-04 12:41:00,data,0,210.01,Dapaong
user_0444,2025-01-15 04:36:00,call,389,0,Kara
user_0015,2025-05-25 07:18:00,data,0,372.7,Atakpamé
user_0415,2025-05-25 02:54:00,data,0,74.92,Kpalimé
user_0373,2025-05-14 20:24:00,data,0,57.95,Kara
user_0434,2025-03-28 03:52:00,call,65,0,Sokodé
user_0064,2025-03-24 13:42:00,sms,0,0,Kpalimé
user_0308,2025-01-13 20:31:00,call,298,0,Kara
user_0320,2025-02-03 14:12:00,sms,0,0,Sokodé
user_0273,2025-05-13 00:52:00,sms,0,0,Tsévié
user_0251,2025-05-09 19:10:00,data,0,65.41,Lomé
user_0017,2025-03-07 15:20:00,call,495,0,Kpalimé
user_0035,2025-03-20 13:47:00,sms,0,0,Kpalimé
user_0498,2025-06-21 18:30:00,data,0,200.89,Dapaong
user_0407,2025-05-16 07:25:00,sms,0,0,Atakpamé
user_0452,2025-05-04 23:15:00,call,196,0,Sokodé
user_0320,2025-04-14 04:23:00,call,17,0,Atakpamé
user_0180,2025-05-10 15:46:00,call,472,0,Lomé
user_0282,2025-03-06 14:54:00,call,557,0,Kara
user_0214,2025-02-27 16:22:00,sms,0,0,Atakpamé
user_0228,2025-01-12 15:41:00,sms,0,0,Kpalimé
user_0409,2025-05-18 15:30:00,data,0,372.33,Sokodé
user_0188,2025-03-22 07:25:00,data,0,10.19,Kara
user_0459,2025-05-11 23:03:00,call,524,0,Kpalimé
user_0055,2025-06-09 03:47:00,data,0,137.26,Dapaong
user_0492,2025-04-26 23:03:00,data,0,303.4,Tsévié
user_0382,2025-01-14 08:20:00,data,0,24.03,Tsévié
user_0407,2025-06-28 22:55:00,call,262,0,Kpalimé
user_0306,2025-02-19 20:57:00,call,358,0,Tsévié
user_0379,2025-04-05 09:06:00,call,428,0,Atakpamé
user_0228,2025-05-16 06:44:00,call,382,0,Atakpamé
user_0160,2025-06-26 01:57:00,sms,0,0,Kara
user_0093,2025-01-25 07:50:00,sms,0,0,Tsévié
user_0083,2025-02-06 10:26:00,sms,0,0,Lomé
user_0065,2025-02-09 13:37:00,sms,0,0,Dapaong
user_0022,2025-03-07 16:03:00,call,461,0,Sokodé
user_0307,2025-04-15 09:54:00,data,0,14.76,Kpalimé
user_0274,2025-05-15 11:57:00,call,47,0,Atakpamé
user_0261,2025-03-03 22:24:00,data,0,386.1,Lomé
user_0059,2025-03-06 01:07:00,data,0,259.85,Kara
user_0005,2025-02-15 22:03:00,data,0,35.51,Tsévié
user_0288,2025-05-18 14:03:00,data,0,429.29,Tsévié
user_0163,2025-03-16 10:24:00,call,252,0,Kpalimé
user_0385,2025-05-26 20:29:00,sms,0,0,Tsévié
user_0122,2025-06-29 02:34:00,sms,0,0,Kpalimé
user_0096,2025-04-20 20:02:00,data,0,129.24,Kpalimé
user_0107,2025-03-21 04:53:00,sms,0,0,Dapaong
user_0291,2025-05-23 14:37:00,data,0,118.44,Kara
user_0363,2025-04-19 03:17:00,data,0,34.75,Dapaong
user_0161,2025-03-04 22:51:00,sms,0,0,Dapaong
user_0221,2025-05-29 01:04:00,sms,0,0,Tsévié
user_0348,2025-02-19 06:56:00,data,0,281.55,Atakpamé
user_0116,2025-01-29 16:35:00,sms,0,0,Kpalimé
user_0164,2025-02-24 17:34:00,call,241,0,Lomé
user_0433,2025-04-25 06:13:00,call,256,0,Sokodé
user_0305,2025-05-12 05:07:00,call,566,0,Sokodé
user_0173,2025-03-11 01:59:00,call,184,0,Tsévié
user_0069,2025-06-23 06:47:00,call,293,0,Tsévié
user_0345,2025-02-17 21:48:00,sms,0,0,Sokodé
user_0258,2025-05-31 05:21:00,call,60,0,Lomé
user_0325,2025-02-02 06:30:00,sms,0,0,Kpalimé
user_0012,2025-03-15 10:02:00,data,0,236.93,Kara
user_0454,2025-06-16 12:04:00,call,334,0,Sokodé
user_0289,2025-06-08 10:57:00,call,303,0,Tsévié
user_0257,2025-06-18 13:49:00,sms,0,0,Dapaong
user_0255,2025-02-20 14:52:00,data,0,167.26,Tsévié
user_0263,2025-04-25 04:27:00,data,0,89.34,Lomé
user_0053,2025-03-16 13:33:00,call,546,0,Kara
user_0182,2025-01-07 02:15:00,sms,0,0,Tsévié
user_0013,2025-06-03 02:13:00,call,477,0,Sokodé
user_0297,2025-05-29 21:25:00,call,276,0,Dapaong
user_0448,2025-02-09 10:06:00,call,58,0,Dapaong
user_0438,2025-03-19 21:14:00,sms,0,0,Lomé
user_0294,2025-04-21 07:21:00,data,0,362.56,Lomé
user_0215,2025-04-06 23:35:00,sms,0,0,Sokodé
user_0036,2025-03-05 16:08:00,data,0,299.05,Dapaong
user_0013,2025-04-16 13:04:00,call,534,0,Kara
user_0255,2025-05-22 09:04:00,sms,0,0,Atakpamé
user_0375,2025-05-03 23:29:00,call,165,0,Tsévié
user_0446,2025-05-31 23:35:00,call,312,0,Atakpamé
user_0279,2025-02-21 09:22:00,sms,0,0,Sokodé
user_0122,2025-02-05 02:25:00,call,360,0,Atakpamé
user_0461,2025-01-19 16:32:00,sms,0,0,Dapaong
user_0148,2025-01-12 07:44:00,data,0,341.56,Dapaong
user_0234,2025-05-10 00:46:00,data,0,334.91,Sokodé
user_0425,2025-01-17 01:54:00,call,415,0,Dapaong
user_0053,2025-05-07 20:19:00,sms,0,0,Lomé
user_0453,2025-03-09 07:07:00,data,0,495.88,Atakpamé
user_0181,2025-05-18 07:19:00,data,0,336.89,Lomé
user_0485,2025-04-06 01:39:00,sms,0,0,Lomé
user_0328,2025-06-12 13:42:00,sms,0,0,Sokodé
user_0398,2025-03-19 15:12:00,sms,0,0,Kara
user_0392,2025-05-26 21:15:00,sms,0,0,Lomé
user_0259,2025-04-30 21:22:00,sms,0,0,Tsévié
user_0324,2025-03-06 17:28:00,sms,0,0,Tsévié
user_0318,2025-05-14 12:25:00,sms,0,0,Kara
user_0063,2025-06-15 21:54:00,data,0,94.36,Dapaong
user_0066,2025-05-11 11:39:00,sms,0,0,Atakpamé
user_0172,2025-05-20 13:00:00,sms,0,0,Lomé
user_0027,2025-01-02 05:22:00,call,436,0,Kara
user_0155,2025-02-05 22:33:00,sms,0,0,Kara
user_0169,2025-04-30 16:49:00,sms,0,0,Sokodé
user_0316,2025-04-20 19:36:00,call,396,0,Kara
user_0140,2025-05-16 18:49:00,data,0,205.55,Atakpamé
user_0209,2025-03-30 12:59:00,call,467,0,Kpalimé
user_0435,2025-01-30 10:59:00,call,395,0,Atakpamé
user_0053,2025-06-09 07:59:00,data,0,473.26,Kpalimé
user_0097,2025-04-23 07:01:00,data,0,51.7,Kara
user_0250,2025-06-08 14:59:00,data,0,365.02,Kara
user_0105,2025-04-09 21:59:00,call,219,0,Kara
user_0250,2025-03-18 01:36:00,call,433,0,Sokodé
user_0312,2025-01-05 10:43:00,sms,0,0,Dapaong
user_0103,2025-03-01 10:33:00,call,86,0,Sokodé
user_0372,2025-03-06 07:44:00,data,0,391.95,Sokodé
user_0324,2025-05-26 04:33:00,data,0,14.61,Tsévié
user_0286,2025-01-26 09:55:00,sms,0,0,Kpalimé
user_0077,2025-01-20 12:43:00,sms,0,0,Atakpamé
user_0225,2025-02-24 08:00:00,data,0,475.51,Dapaong
user_0131,2025-03-24 05:24:00,sms,0,0,Tsévié
user_0478,2025-05-15 17:06:00,sms,0,0,Tsévié
user_0287,2025-04-29 02:28:00,data,0,168.39,Sokodé
user_0147,2025-06-13 23:33:00,call,319,0,Atakpamé
user_0058,2025-01-20 20:03:00,data,0,50.59,Kara
user_0460,2025-04-07 13:03:00,data,0,445.81,Atakpamé
user_0028,2025-03-25 13:19:00,sms,0,0,Lomé
user_0128,2025-01-06 09:34:00,data,0,374.48,Lomé
user_0079,2025-06-09 08:04:00,call,258,0,Dapaong
user_0487,2025-01-13 17:11:00,sms,0,0,Kpalimé
user_0028,2025-04-04 08:24:00,data,0,486.5,Kara
user_0371,2025-04-03 15:01:00,sms,0,0,Atakpamé
user_0170,2025-06-24 17:10:00,sms,0,0,Dapaong
user_0322,2025-03-21 01:38:00,call,123,0,Tsévié
user_0283,2025-03-12 18:53:00,data,0,356.79,Kpalimé
user_0260,2025-05-10 16:58:00,data,0,414.31,Sokodé
user_0165,2025-06-16 09:26:00,data,0,288.4,Lomé
user_0085,2025-01-23 21:59:00,sms,0,0,Kara
user_0118,2025-01-14 20:24:00,data,0,45.71,Sokodé
user_0454,2025-01-07 06:04:00,sms,0,0,Atakpamé
user_0307,2025-01-14 20:33:00,data,0,85.03,Lomé
user_0351,2025-06-07 16:30:00,data,0,119.67,Kara
user_0103,2025-01-14 13:37:00,data,0,261.12,Lomé
user_0262,2025-04-28 03:45:00,data,0,235.03,Atakpamé
user_0003,2025-04-08 01:46:00,call,478,0,Dapaong
user_0300,2025-05-11 09:04:00,data,0,378.63,Dapaong
user_0082,2025-03-10 14:40:00,sms,0,0,Atakpamé
user_0338,2025-05-07 06:23:00,sms,0,0,Kara
user_0415,2025-04-19 09:01:00,data,0,146.92,Dapaong
user_0221,2025-06-30 01:15:00,sms,0,0,Kpalimé
user_0402,2025-06-15 00:58:00,call,455,0,Kpalimé
user_0088,2025-02-11 23:24:00,sms,0,0,Sokodé
user_0007,2025-01-29 23:20:00,sms,0,0,Tsévié
user_0257,2025-01-27 18:28:00,call,567,0,Atakpamé
user_0490,2025-06-10 20:06:00,data,0,132.11,Lomé
user_0090,2025-01-07 06:28:00,sms,0,0,Dapaong
user_0128,2025-03-09 06:54:00,sms,0,0,Kpalimé
user_0026,2025-05-30 14:22:00,call,586,0,Lomé
user_0178,2025-03-22 04:35:00,sms,0,0,Lomé
user_0007,2025-05-03 06:16:00,data,0,19.59,Tsévié
user_0295,2025-05-27 19:07:00,sms,0,0,Dapaong
user_0012,2025-05-05 21:44:00,call,10,0,Lomé
user_0238,2025-05-23 04:18:00,call,32,0,Atakpamé
user_0306,2025-05-28 19:22:00,call,409,0,Dapaong
user_0137,2025-01-21 08:29:00,call,471,0,Tsévié
user_0474,2025-04-08 00:06:00,sms,0,0,Atakpamé
user_0216,2025-01-08 15:32:00,call,493,0,Tsévié
user_0089,2025-05-20 18:36:00,sms,0,0,Sokodé
user_0141,2025-05-30 09:53:00,data,0,84.87,Kpalimé
user_0253,2025-02-02 02:23:00,sms,0,0,Kpalimé
user_0314,2025-05-31 01:33:00,data,0,312.49,Kpalimé
user_0208,2025-03-01 23:08:00,sms,0,0,Kara
user_0348,2025-04-05 08:44:00,call,520,0,Tsévié
user_0268,2025-01-02 22:03:00,call,35,0,Dapaong
user_0166,2025-01-17 07:16:00,call,385,0,Dapaong
user_0295,2025-04-30 08:34:00,call,590,0,Dapaong
user_0447,2025-02-20 13:09:00,data,0,16.82,Kpalimé
user_0288,2025-05-18 21:03:00,call,281,0,Sokodé
user_0374,2025-05-20 19:58:00,call,115,0,Dapaong
user_0428,2025-06-23 12:31:00,call,352,0,Dapaong
user_0430,2025-01-25 13:37:00,sms,0,0,Atakpamé
user_0252,2025-05-03 13:40:00,call,172,0,Sokodé
user_0070,2025-05-31 19:32:00,sms,0,0,Tsévié
user_0444,2025-06-22 19:27:00,sms,0,0,Sokodé
user_0211,2025-05-15 23:58:00,data,0,409.14,Atakpamé
user_0405,2025-03-02 05:57:00,call,371,0,Kpalimé
user_0380,2025-05-07 14:10:00,call,202,0,Kara
user_0198,2025-01-25 10:40:00,sms,0,0,Kara
user_0013,2025-06-18 09:25:00,call,594,0,Kara
user_0409,2025-02-14 23:11:00,sms,0,0,Kpalimé
user_0029,2025-04-04 04:06:00,sms,0,0,Tsévié
user_0010,2025-01-04 11:32:00,sms,0,0,Sokodé
user_0422,2025-03-28 00:26:00,sms,0,0,Tsévié
user_0118,2025-03-29 12:29:00,data,0,447.72,Dapaong
user_0411,2025-03-22 09:03:00,call,476,0,Kara
user_0463,2025-05-30 14:37:00,call,270,0,Kara
user_0446,2025-05-04 09:57:00,data,0,210.71,Atakpamé
user_0336,2025-01-28 10:41:00,sms,0,0,Lomé
user_0474,2025-05-06 23:01:00,data,0,392.16,Atakpamé
user_0361,2025-06-20 21:55:00,call,285,0,Atakpamé
user_0450,2025-02-25 14:56:00,call,249,0,Atakpamé
user_0121,2025-05-12 21:16:00,call,570,0,Atakpamé
user_0235,2025-05-26 07:30:00,sms,0,0,Tsévié
user_0086,2025-05-16 10:21:00,sms,0,0,Sokodé
user_0490,2025-06-25 21:43:00,data,0,98.37,Kara
user_0146,2025-03-08 11:03:00,sms,0,0,Lomé
user_0297,2025-01-08 01:37:00,sms,0,0,Lomé
user_0324,2025-04-14 01:37:00,sms,0,0,Tsévié
user_0380,2025-05-29 22:29:00,sms,0,0,Tsévié
user_0066,2025-01-07 20:34:00,data,0,437.41,Tsévié
user_0205,2025-02-21 09:36:00,call,69,0,Lomé
user_0358,2025-01-04 14:56:00,data,0,225.1,Kara
user_0256,2025-01-05 19:18:00,sms,0,0,Lomé
user_0275,2025-02-12 15:22:00,call,510,0,Kara
user_0441,2025-06-29 15:48:00,data,0,428.51,Lomé
user_0124,2025-03-23 15:37:00,data,0,389.08,Lomé
user_0328,2025-06-01 19:24:00,sms,0,0,Kara
user_0261,2025-01-02 22:59:00,call,395,0,Dapaong
user_0473,2025-06-18 23:54:00,call,98,0,Tsévié
user_0049,2025-04-21 00:17:00,call,208,0,Kpalimé
user_0110,2025-02-19 05:50:00,call,392,0,Tsévié
user_0098,2025-05-07 23:47:00,data,0,386.12,Kara
user_0105,2025-06-15 00:17:00,call,554,0,Dapaong
user_0412,2025-01-11 05:52:00,data,0,74.9,Atakpamé
user_0328,2025-01-13 20:39:00,call,123,0,Tsévié
user_0456,2025-05-07 08:20:00,data,0,315.09,Tsévié
user_0291,2025-03-26 22:08:00,sms,0,0,Lomé
user_0016,2025-02-16 17:39:00,sms,0,0,Kpalimé
user_0285,2025-03-19 17:04:00,sms,0,0,Tsévié
user_0077,2025-01-14 14:36:00,sms,0,0,Atakpamé
user_0389,2025-06-04 06:00:00,call,297,0,Kpalimé
user_0301,2025-03-22 14:09:00,sms,0,0,Lomé
user_0402,2025-05-03 09:36:00,call,566,0,Lomé
user_0267,2025-06-20 12:14:00,sms,0,0,Kpalimé
user_0104,2025-06-14 04:18:00,call,540,0,Atakpamé
user_0474,2025-05-25 03:28:00,call,158,0,Atakpamé
user_0169,2025-02-13 00:20:00,data,0,368.44,Tsévié
user_0175,2025-01-24 08:26:00,data,0,230.99,Kpalimé
user_0134,2025-06-30 19:10:00,call,193,0,Dapaong
user_0030,2025-04-05 19:20:00,data,0,220.07,Tsévié
user_0328,2025-02-12 11:12:00,call,317,0,Dapaong
user_0134,2025-02-26 01:03:00,sms,0,0,Tsévié
user_0489,2025-01-08 10:12:00,call,163,0,Kpalimé
user_0152,2025-03-28 07:17:00,data,0,438.2,Kara
user_0181,2025-06-04 01:10:00,sms,0,0,Lomé
user_0387,2025-03-21 14:14:00,call,133,0,Kpalimé
user_0135,2025-05-26 03:46:00,data,0,21.57,Sokodé
user_0010,2025-01-07 05:44:00,data,0,412.93,Tsévié
user_0144,2025-03-04 03:54:00,sms,0,0,Sokodé
user_0256,2025-06-01 08:28:00,call,192,0,Atakpamé
user_0353,2025-02-24 16:36:00,data,0,327.83,Atakpamé
user_0088,2025-03-14 19:45:00,data,0,96.09,Lomé
user_0229,2025-05-20 23:22:00,data,0,421.08,Kpalimé
user_0184,2025-01-29 17:55:00,sms,0,0,Kara
user_0345,2025-05-24 08:26:00,call,317,0,Lomé
user_0279,2025-01-30 06:23:00,call,147,0,Tsévié
user_0387,2025-02-16 10:41:00,sms,0,0,Dapaong
user_0125,2025-05-04 19:11:00,sms,0,0,Tsévié
user_0383,2025-05-19 06:32:00,call,214,0,Atakpamé
user_0274,2025-04-01 02:43:00,call,213,0,Kara
user_0182,2025-01-31 03:46:00,call,214,0,Dapaong
user_0163,2025-01-12 22:10:00,sms,0,0,Kara
user_0348,2025-02-22 00:00:00,sms,0,0,Kara
user_0299,2025-02-26 19:24:00,data,0,438.14,Lomé
user_0171,2025-03-06 10:18:00,data,0,375.25,Kara
user_0225,2025-01-19 05:48:00,call,365,0,Tsévié
user_0227,2025-02-10 05:39:00,sms,0,0,Kara
user_0250,2025-03-21 10:27:00,call,218,0,Atakpamé
user_0304,2025-02-12 19:26:00,sms,0,0,Kpalimé
user_0285,2025-05-27 04:09:00,data,0,151.5,Atakpamé
user_0240,2025-03-28 07:28:00,call,491,0,Atakpamé
user_0046,2025-04-05 10:15:00,data,0,136.75,Sokodé
user_0148,2025-06-12 16:48:00,call,396,0,Atakpamé
user_0214,2025-05-23 12:06:00,call,386,0,Dapaong
user_0311,2025-03-02 06:21:00,sms,0,0,Sokodé
user_0407,2025-06-24 03:16:00,call,466,0,Sokodé
user_0334,2025-04-27 04:12:00,sms,0,0,Tsévié
user_0182,2025-06-16 22:25:00,call,314,0,Kpalimé
user_0163,2025-04-12 08:59:00,data,0,97.24,Lomé
user_0465,2025-03-09 16:02:00,call,114,0,Kpalimé
user_0190,2025-05-09 22:26:00,sms,0,0,Lomé
user_0418,2025-01-11 15:10:00,data,0,59.5,Dapaong
user_0130,2025-05-02 15:24:00,data,0,193.26,Atakpamé
user_0185,2025-01-12 14:42:00,call,172,0,Lomé
user_0044,2025-01-10 05:17:00,call,519,0,Tsévié
user_0275,2025-03-28 19:39:00,sms,0,0,Sokodé
user_0283,2025-02-07 14:41:00,sms,0,0,Atakpamé
user_0424,2025-03-26 08:52:00,call,374,0,Tsévié
user_0445,2025-06-02 13:39:00,sms,0,0,Kara
user_0431,2025-03-22 15:19:00,data,0,101.44,Atakpamé
user_0455,2025-01-25 12:43:00,sms,0,0,Kpalimé
user_0271,2025-02-08 01:57:00,call,86,0,Atakpamé
user_0500,2025-04-18 11:41:00,sms,0,0,Kara
user_0413,2025-04-12 00:45:00,sms,0,0,Kpalimé
user_0408,2025-03-01 04:44:00,sms,0,0,Kara
user_0247,2025-06-19 04:00:00,data,0,490.74,Kpalimé
user_0028,2025-01-26 22:28:00,call,470,0,Kara
user_0422,2025-04-23 23:55:00,sms,0,0,Kara
user_0145,2025-05-05 12:32:00,call,520,0,Dapaong
user_0458,2025-02-16 12:25:00,call,350,0,Kpalimé
user_0416,2025-03-25 21:07:00,call,279,0,Dapaong
user_0151,2025-03-22 19:03:00,sms,0,0,Lomé
user_0403,2025-02-23 07:21:00,data,0,281.55,Kpalimé
user_0459,2025-02-27 07:13:00,sms,0,0,Sokodé
user_0385,2025-04-22 11:33:00,call,170,0,Lomé
user_0207,2025-01-16 04:54:00,data,0,272.75,Lomé
user_0114,2025-02-24 03:07:00,call,284,0,Dapaong
user_0295,2025-02-01 14:16:00,data,0,288.8,Tsévié
user_0305,2025-01-18 13:24:00,data,0,249.45,Sokodé
user_0411,2025-01-10 00:51:00,sms,0,0,Kara
user_0083,2025-03-28 11:50:00,data,0,429.58,Atakpamé
user_0095,2025-06-22 22:01:00,sms,0,0,Dapaong
user_0017,2025-04-26 00:50:00,data,0,24.32,Atakpamé
user_0372,2025-05-11 23:02:00,sms,0,0,Kara
user_0367,2025-05-19 09:21:00,data,0,26.73,Sokodé
user_0099,2025-03-13 02:30:00,call,529,0,Lomé
user_0271,2025-05-06 13:32:00,sms,0,0,Dapaong
user_0204,2025-06-29 17:30:00,call,60,0,Tsévié
user_0481,2025-06-07 09:30:00,data,0,111.04,Dapaong
user_0457,2025-02-09 21:31:00,sms,0,0,Kara
user_0344,2025-06-13 11:05:00,sms,0,0,Kpalimé
user_0201,2025-01-15 04:16:00,call,569,0,Sokodé
user_0083,2025-03-02 21:31:00,sms,0,0,Kpalimé
user_0453,2025-04-10 07:46:00,call,172,0,Tsévié
user_0305,2025-04-14 11:33:00,sms,0,0,Atakpamé
user_0311,2025-04-23 22:27:00,sms,0,0,Kpalimé
user_0375,2025-03-02 11:12:00,call,370,0,Dapaong
user_0354,2025-01-22 02:20:00,call,378,0,Kpalimé
user_0185,2025-04-11 04:12:00,sms,0,0,Sokodé
user_0203,2025-06-25 05:16:00,call,78,0,Atakpamé
user_0140,2025-01-13 14:04:00,data,0,250.44,Lomé
user_0220,2025-02-01 06:12:00,call,356,0,Atakpamé
user_0430,2025-02-19 16:19:00,data,0,229.79,Sokodé
user_0249,2025-01-08 16:10:00,data,0,380.57,Dapaong
user_0418,2025-04-30 09:33:00,sms,0,0,Tsévié
user_0251,2025-01-24 12:23:00,data,0,497.72,Tsévié
user_0084,2025-05-07 07:34:00,sms,0,0,Tsévié
user_0189,2025-05-03 19:51:00,sms,0,0,Tsévié
user_0371,2025-03-06 21:44:00,data,0,190.09,Lomé
user_0193,2025-03-24 00:14:00,data,0,365.36,Kpalimé
user_0057,2025-04-30 23:03:00,call,474,0,Lomé
user_0079,2025-03-27 07:58:00,data,0,167.78,Dapaong
user_0395,2025-03-11 10:25:00,sms,0,0,Sokodé
user_0445,2025-02-07 07:45:00,data,0,464.42,Sokodé
user_0491,2025-01-13 20:04:00,call,61,0,Atakpamé
user_0264,2025-05-15 20:27:00,sms,0,0,Lomé
user_0422,2025-01-10 02:57:00,data,0,357.21,Lomé
user_0279,2025-06-07 01:48:00,data,0,360.79,Tsévié
user_0292,2025-01-09 03:07:00,data,0,6.23,Kpalimé
user_0283,2025-02-13 12:04:00,data,0,288.36,Kara
user_0279,2025-06-22 19:57:00,data,0,259.18,Sokodé
user_0413,2025-02-01 07:18:00,call,507,0,Kara
user_0495,2025-03-21 17:18:00,call,487,0,Dapaong
user_0013,2025-06-05 17:28:00,sms,0,0,Sokodé
user_0500,2025-01-29 14:18:00,call,294,0,Kara
user_0404,2025-03-02 12:14:00,data,0,303.3,Lomé
user_0308,2025-02-22 02:07:00,sms,0,0,Atakpamé
user_0456,2025-03-16 13:47:00,sms,0,0,Kara
user_0484,2025-01-22 15:39:00,sms,0,0,Tsévié
user_0033,2025-03-14 15:25:00,data,0,86.74,Tsévié
user_0287,2025-05-02 23:21:00,call,368,0,Dapaong
user_0084,2025-03-17 04:29:00,call,400,0,Dapaong
user_0123,2025-04-17 03:09:00,sms,0,0,Atakpamé
user_0489,2025-03-12 22:27:00,sms,0,0,Tsévié
user_0248,2025-06-05 08:04:00,call,117,0,Lomé
user_0206,2025-01-10 18:29:00,data,0,307.17,Atakpamé
user_0032,2025-03-20 18:34:00,sms,0,0,Kara
user_0420,2025-01-15 04:25:00,sms,0,0,Sokodé
user_0002,2025-02-04 04:25:00,data,0,483.86,Dapaong
user_0320,2025-04-26 16:28:00,data,0,359.81,Kara
user_0432,2025-03-03 19:31:00,sms,0,0,Sokodé
user_0298,2025-01-29 12:54:00,data,0,440.68,Dapaong
user_0072,2025-03-02 10:57:00,data,0,190.21,Sokodé
user_0205,2025-01-23 13:51:00,sms,0,0,Kara
user_0227,2025-03-30 11:39:00,call,43,0,Sokodé
user_0260,2025-05-23 23:17:00,call,49,0,Lomé
user_0223,2025-02-13 05:52:00,sms,0,0,Tsévié
user_0127,2025-01-30 13:19:00,sms,0,0,Kara
user_0164,2025-02-19 14:06:00,call,423,0,Kara
user_0384,2025-04-09 13:27:00,sms,0,0,Lomé
user_0172,2025-03-19 10:51:00,call,59,0,Tsévié
user_0195,2025-04-12 21:23:00,data,0,399.83,Kara
user_0203,2025-01-16 19:50:00,sms,0,0,Sokodé
user_0276,2025-04-20 11:49:00,call,262,0,Kara
user_0382,2025-02-08 20:16:00,sms,0,0,Tsévié
user_0141,2025-02-06 22:45:00,call,326,0,Sokodé
user_0500,2025-04-16 16:06:00,call,97,0,Atakpamé
user_0421,2025-02-13 13:38:00,data,0,486.17,Tsévié
user_0372,2025-03-05 23:22:00,data,0,263.27,Sokodé
user_0328,2025-04-06 19:17:00,data,0,491.49,Kara
user_0308,2025-01-22 16:17:00,sms,0,0,Kara
user_0328,2025-01-19 17:24:00,sms,0,0,Atakpamé
user_0286,2025-02-28 19:39:00,data,0,292.76,Kpalimé
user_0399,2025-03-09 05:12:00,call,456,0,Kpalimé
user_0156,2025-02-01 08:57:00,data,0,187.85,Tsévié
user_0050,2025-05-24 06:45:00,sms,0,0,Kpalimé
user_0210,2025-05-17 03:58:00,sms,0,0,Dapaong
user_0481,2025-01-16 12:11:00,sms,0,0,Dapaong
user_0093,2025-05-01 10:31:00,call,76,0,Kpalimé
user_0006,2025-01-08 12:43:00,sms,0,0,Dapaong
user_0410,2025-06-11 01:09:00,data,0,247.06,Kara
user_0156,2025-04-09 07:30:00,data,0,151.83,Lomé
user_0110,2025-06-14 16:50:00,call,231,0,Sokodé
user_0123,2025-05-16 01:27:00,sms,0,0,Tsévié
user_0033,2025-03-04 14:20:00,sms,0,0,Tsévié
user_0352,2025-01-14 03:54:00,sms,0,0,Sokodé
user_0140,2025-06-28 05:28:00,data,0,395.94,Lomé
user_0016,2025-03-03 07:28:00,sms,0,0,Lomé
user_0206,2025-01-09 19:17:00,sms,0,0,Dapaong
user_0172,2025-05-21 16:39:00,data,0,409.68,Atakpamé
user_0214,2025-02-27 03:35:00,sms,0,0,Kara
user_0228,2025-05-21 14:55:00,call,498,0,Kara
user_0198,2025-06-02 00:22:00,sms,0,0,Kara
user_0322,2025-03-29 22:59:00,call,76,0,Sokodé
user_0056,2025-06-25 21:00:00,sms,0,0,Tsévié
user_0111,2025-01-28 12:11:00,call,175,0,Atakpamé
user_0207,2025-06-12 17:18:00,data,0,217.14,Kara
user_0346,2025-03-09 18:41:00,data,0,348.86,Dapaong
user_0021,2025-02-04 14:28:00,sms,0,0,Lomé
user_0260,2025-06-27 20:31:00,data,0,67.92,Sokodé
user_0356,2025-02-17 01:09:00,data,0,333.3,Tsévié
user_0119,2025-01-18 07:31:00,sms,0,0,Sokodé
user_0182,2025-04-08 07:08:00,data,0,152.16,Atakpamé
user_0194,2025-01-20 14:55:00,call,440,0,Lomé
user_0426,2025-03-31 01:05:00,call,209,0,Tsévié
user_0309,2025-05-18 08:40:00,sms,0,0,Dapaong
user_0248,2025-01-29 07:59:00,sms,0,0,Dapaong
user_0497,2025-06-17 13:46:00,call,47,0,Tsévié
user_0115,2025-01-04 08:37:00,call,522,0,Kara
user_0409,2025-06-18 04:13:00,call,562,0,Dapaong
user_0356,2025-06-19 00:56:00,call,404,0,Dapaong
user_0398,2025-05-17 12:49:00,data,0,94.67,Tsévié
user_0067,2025-06-07 08:15:00,call,106,0,Sokodé
user_0019,2025-02-12 17:01:00,sms,0,0,Dapaong
user_0177,2025-03-04 22:24:00,data,0,45.33,Atakpamé
user_0188,2025-06-29 02:04:00,sms,0,0,Kpalimé
user_0183,2025-02-22 05:26:00,sms,0,0,Kpalimé
user_0158,2025-03-07 18:44:00,call,590,0,Atakpamé
user_0106,2025-02-08 00:45:00,sms,0,0,Kara
user_0222,2025-03-01 19:36:00,sms,0,0,Tsévié
user_0115,2025-05-29 19:25:00,sms,0,0,Atakpamé
user_0391,2025-01-19 18:11:00,data,0,77.26,Atakpamé
user_0187,2025-06-08 03:07:00,sms,0,0,Lomé
user_0029,2025-02-06 22:30:00,data,0,289.11,Kpalimé
user_0291,2025-01-09 14:33:00,data,0,414.99,Kara
user_0490,2025-05-19 06:35:00,data,0,5.11,Tsévié
user_0399,2025-04-09 07:06:00,sms,0,0,Kpalimé
user_0341,2025-02-13 22:24:00,data,0,259.14,Atakpamé
user_0453,2025-03-20 18:53:00,sms,0,0,Kpalimé
user_0071,2025-01-17 16:08:00,sms,0,0,Sokodé
user_0411,2025-04-10 02:56:00,sms,0,0,Atakpamé
user_0426,2025-01-08 22:37:00,data,0,262.57,Kara
user_0181,2025-04-03 08:25:00,data,0,74.78,Kpalimé
user_0429,2025-04-01 20:22:00,data,0,213.32,Lomé
user_0392,2025-02-27 10:06:00,call,520,0,Kpalimé
user_0076,2025-04-19 00:48:00,data,0,23.06,Kara
user_0373,2025-05-01 05:32:00,sms,0,0,Atakpamé
user_0223,2025-02-19 15:47:00,data,0,370.36,Tsévié
user_0051,2025-05-25 21:47:00,data,0,140.87,Lomé
user_0318,2025-01-06 19:20:00,sms,0,0,Lomé
user_0282,2025-05-30 23:55:00,data,0,274.87,Sokodé
user_0227,2025-01-21 10:34:00,data,0,87.7,Kara
user_0006,2025-05-05 04:13:00,call,318,0,Kpalimé
user_0142,2025-01-30 18:30:00,data,0,350.37,Kara
user_0102,2025-04-02 22:35:00,sms,0,0,Sokodé
user_0306,2025-04-11 14:21:00,data,0,58.8,Dapaong
user_0117,2025-05-26 20:15:00,call,586,0,Lomé
user_0007,2025-01-11 20:16:00,sms,0,0,Lomé
user_0257,2025-04-17 23:59:00,call,425,0,Atakpamé
user_0211,2025-02-15 12:02:00,sms,0,0,Atakpamé
user_0417,2025-05-11 08:45:00,call,220,0,Kpalimé
user_0270,2025-05-11 13:25:00,sms,0,0,Kara
user_0235,2025-02-25 10:34:00,data,0,220.26,Kpalimé
user_0432,2025-06-15 12:18:00,sms,0,0,Lomé
user_0148,2025-06-13 10:04:00,data,0,48.18,Tsévié
user_0229,2025-05-03 20:43:00,sms,0,0,Dapaong
user_0457,2025-06-16 17:04:00,data,0,202.34,Kpalimé
user_0422,2025-03-24 03:05:00,data,0,413.69,Tsévié
user_0011,2025-02-28 06:11:00,sms,0,0,Sokodé
user_0351,2025-06-10 21:19:00,data,0,455.13,Lomé
user_0402,2025-03-23 01:35:00,sms,0,0,Kpalimé
user_0304,2025-04-27 10:53:00,sms,0,0,Tsévié
user_0218,2025-01-13 17:45:00,sms,0,0,Kpalimé
user_0472,2025-01-05 12:37:00,call,190,0,Kpalimé
user_0156,2025-04-03 14:32:00,data,0,56.34,Sokodé
user_0008,2025-01-14 17:31:00,call,277,0,Atakpamé
user_0256,2025-05-08 07:27:00,call,118,0,Atakpamé
user_0001,2025-04-07 22:07:00,sms,0,0,Lomé
user_0021,2025-02-20 11:40:00,sms,0,0,Atakpamé
user_0372,2025-04-09 06:06:00,sms,0,0,Dapaong
user_0297,2025-01-29 21:04:00,call,215,0,Dapaong
user_0250,2025-03-31 10:29:00,data,0,13.82,Dapaong
user_0102,2025-04-30 18:39:00,data,0,199.7,Atakpamé
user_0020,2025-01-24 15:31:00,data,0,405.86,Atakpamé
user_0320,2025-01-31 02:54:00,call,596,0,Kpalimé
user_0367,2025-05-10 17:15:00,call,257,0,Tsévié
user_0453,2025-05-22 17:37:00,data,0,166.71,Lomé
user_0126,2025-05-29 07:20:00,sms,0,0,Atakpamé
user_0209,2025-01-18 00:18:00,call,230,0,Dapaong
user_0243,2025-01-07 14:03:00,sms,0,0,Kpalimé
user_0009,2025-02-15 16:45:00,sms,0,0,Dapaong
user_0443,2025-04-20 01:02:00,data,0,239.1,Kpalimé
user_0361,2025-03-10 07:56:00,data,0,51.63,Atakpamé
user_0090,2025-06-15 14:03:00,data,0,492.8,Kpalimé
user_0314,2025-04-16 01:27:00,call,409,0,Dapaong
user_0350,2025-04-16 22:35:00,call,230,0,Tsévié
user_0456,2025-05-13 06:42:00,sms,0,0,Sokodé
user_0016,2025-05-30 09:38:00,data,0,164.56,Kara
user_0168,2025-05-18 08:19:00,call,33,0,Tsévié
user_0060,2025-04-20 08:59:00,sms,0,0,Atakpamé
user_0447,2025-03-30 09:24:00,data,0,292.9,Kara
user_0394,2025-06-24 23:32:00,data,0,479.77,Dapaong
user_0039,2025-03-02 23:49:00,sms,0,0,Tsévié
user_0030,2025-03-17 01:49:00,sms,0,0,Lomé
user_0195,2025-04-23 22:56:00,data,0,22.27,Dapaong
user_0449,2025-05-25 23:10:00,data,0,425.44,Dapaong
user_0201,2025-03-15 17:49:00,data,0,302.53,Lomé
user_0195,2025-03-10 13:58:00,sms,0,0,Kara
user_0406,2025-03-27 15:00:00,data,0,237.34,Atakpamé
user_0305,2025-04-01 08:26:00,data,0,153.47,Tsévié
user_0027,2025-04-08 14:57:00,sms,0,0,Sokodé
user_0007,2025-02-27 11:37:00,call,276,0,Sokodé
user_0314,2025-03-01 03:02:00,call,513,0,Kara
user_0059,2025-03-09 20:20:00,data,0,385.4,Atakpamé
user_0199,2025-04-20 01:11:00,data,0,310.87,Lomé
user_0331,2025-06-30 23:08:00,data,0,406.86,Tsévié
user_0343,2025-02-05 04:11:00,sms,0,0,Kpalimé
user_0177,2025-02-20 23:16:00,call,172,0,Dapaong
user_0436,2025-06-17 04:59:00,data,0,279.45,Sokodé
user_0163,2025-01-20 07:44:00,sms,0,0,Sokodé
user_0151,2025-02-12 08:17:00,call,322,0,Sokodé
user_0325,2025-04-01 06:50:00,data,0,88.17,Dapaong
user_0197,2025-06-29 11:34:00,call,386,0,Lomé
user_0045,2025-04-18 02:38:00,call,422,0,Kpalimé
user_0310,2025-02-07 04:13:00,call,43,0,Atakpamé
user_0050,2025-04-22 03:08:00,call,178,0,Lomé
user_0165,2025-05-27 19:10:00,data,0,491.77,Tsévié
user_0008,2025-06-21 14:20:00,call,592,0,Lomé
user_0118,2025-06-12 18:29:00,call,561,0,Tsévié
user_0331,2025-05-04 08:36:00,sms,0,0,Sokodé
user_0444,2025-02-27 21:48:00,sms,0,0,Atakpamé
user_0494,2025-01-09 03:44:00,sms,0,0,Dapaong
user_0252,2025-05-08 16:30:00,sms,0,0,Atakpamé
user_0124,2025-06-19 13:52:00,sms,0,0,Kpalimé
user_0038,2025-05-23 20:33:00,call,94,0,Dapaong
user_0121,2025-05-30 11:16:00,sms,0,0,Kpalimé
user_0396,2025-01-24 02:31:00,data,0,169.33,Kpalimé
user_0020,2025-05-11 00:51:00,data,0,445.13,Atakpamé
user_0135,2025-05-14 16:59:00,data,0,56.56,Sokodé
user_0187,2025-06-25 21:25:00,data,0,122.03,Sokodé
user_0460,2025-06-03 05:24:00,sms,0,0,Sokodé
user_0334,2025-03-16 03:17:00,call,414,0,Kara
user_0056,2025-03-25 04:17:00,call,115,0,Sokodé
user_0391,2025-03-14 16:08:00,sms,0,0,Kara
user_0042,2025-05-19 08:13:00,data,0,282.09,Kara
user_0497,2025-01-04 22:37:00,sms,0,0,Tsévié
user_0486,2025-02-10 00:06:00,sms,0,0,Sokodé
user_0289,2025-02-27 11:29:00,sms,0,0,Dapaong
user_0339,2025-05-11 15:16:00,call,516,0,Atakpamé
user_0102,2025-02-17 08:16:00,call,460,0,Atakpamé
user_0202,2025-06-03 06:58:00,sms,0,0,Lomé
user_0221,2025-03-16 01:58:00,call,582,0,Sokodé
user_0221,2025-03-26 19:37:00,data,0,349.66,Dapaong
user_0279,2025-03-28 14:28:00,data,0,269.75,Atakpamé
user_0300,2025-05-10 05:05:00,call,518,0,Kara
user_0396,2025-05-12 04:48:00,data,0,220.83,Dapaong
user_0281,2025-05-08 05:51:00,call,288,0,Kpalimé
user_0038,2025-04-23 17:49:00,sms,0,0,Atakpamé
user_0395,2025-03-05 18:39:00,data,0,498.06,Tsévié
user_0106,2025-01-25 07:31:00,data,0,291.68,Atakpamé
user_0031,2025-05-01 19:57:00,call,168,0,Dapaong
user_0016,2025-05-27 20:11:00,sms,0,0,Kpalimé
user_0445,2025-05-23 21:04:00,data,0,340.68,Kpalimé
user_0294,2025-05-24 01:11:00,call,403,0,Kara
user_0038,2025-02-19 00:16:00,sms,0,0,Kara
user_0086,2025-03-25 09:07:00,call,468,0,Lomé
user_0204,2025-03-16 20:28:00,sms,0,0,Atakpamé
user_0423,2025-03-15 13:45:00,data,0,358.22,Kara
user_0024,2025-01-20 17:54:00,sms,0,0,Tsévié
user_0222,2025-03-25 06:37:00,sms,0,0,Kpalimé
user_0402,2025-03-09 00:09:00,sms,0,0,Tsévié
user_0326,2025-03-19 01:20:00,sms,0,0,Atakpamé
user_0445,2025-02-22 17:07:00,data,0,436.38,Tsévié
user_0348,2025-04-29 00:04:00,sms,0,0,Kara
user_0195,2025-01-02 22:02:00,data,0,240.54,Atakpamé
user_0359,2025-05-15 12:38:00,call,579,0,Kpalimé
user_0439,2025-06-18 22:53:00,sms,0,0,Dapaong
user_0390,2025-04-15 03:56:00,sms,0,0,Dapaong
user_0387,2025-02-04 06:55:00,sms,0,0,Atakpamé
user_0402,2025-03-06 01:50:00,sms,0,0,Tsévié
user_0366,2025-02-09 10:03:00,data,0,137.39,Atakpamé
user_0030,2025-04-10 23:00:00,data,0,350.54,Dapaong
user_0371,2025-04-11 03:32:00,data,0,197.32,Kara
user_0485,2025-04-16 06:54:00,data,0,460.47,Tsévié
user_0314,2025-01-02 20:35:00,sms,0,0,Sokodé
user_0220,2025-01-31 20:36:00,sms,0,0,Atakpamé
user_0283,2025-06-12 04:11:00,sms,0,0,Kpalimé
user_0168,2025-01-07 04:13:00,data,0,253.13,Dapaong
user_0146,2025-02-23 01:57:00,sms,0,0,Dapaong
user_0375,2025-04-30 05:28:00,sms,0,0,Tsévié
user_0078,2025-06-29 21:12:00,data,0,496.49,Lomé
user_0354,2025-02-01 07:22:00,sms,0,0,Tsévié
user_0306,2025-01-17 13:50:00,sms,0,0,Lomé
user_0437,2025-05-21 20:06:00,call,299,0,Tsévié
user_0216,2025-02-13 21:32:00,sms,0,0,Tsévié
user_0500,2025-01-02 12:32:00,sms,0,0,Tsévié
user_0357,2025-03-04 21:55:00,sms,0,0,Kpalimé
user_0170,2025-06-01 11:24:00,data,0,6.62,Atakpamé
user_0154,2025-01-01 10:57:00,sms,0,0,Kpalimé
user_0299,2025-01-18 01:15:00,sms,0,0,Kara
user_0480,2025-02-14 04:26:00,call,251,0,Dapaong
user_0426,2025-04-06 10:39:00,data,0,384.12,Tsévié
user_0017,2025-04-17 16:38:00,data,0,482.05,Kpalimé
user_0147,2025-06-20 16:11:00,data,0,121.72,Lomé
user_0406,2025-04-14 10:07:00,data,0,270.11,Kara
user_0014,2025-03-30 18:59:00,sms,0,0,Sokodé
user_0278,2025-01-23 16:47:00,data,0,290.75,Kara
user_0026,2025-06-19 13:17:00,call,409,0,Lomé
user_0236,2025-02-04 23:37:00,data,0,222.63,Lomé
user_0457,2025-05-30 11:58:00,call,458,0,Sokodé
user_0485,2025-01-03 02:18:00,data,0,292.33,Sokodé
user_0445,2025-01-20 21:48:00,call,97,0,Lomé
user_0368,2025-04-18 11:42:00,data,0,14.15,Atakpamé
user_0061,2025-03-16 04:26:00,call,480,0,Dapaong
user_0311,2025-05-23 15:52:00,data,0,440.74,Kpalimé
user_0423,2025-01-28 09:50:00,data,0,96.05,Kara
user_0441,2025-05-23 05:31:00,sms,0,0,Lomé
user_0123,2025-06-12 04:56:00,sms,0,0,Dapaong
user_0366,2025-05-17 09:36:00,data,0,478.18,Kara
user_0475,2025-02-19 23:09:00,call,328,0,Atakpamé
user_0289,2025-05-15 20:29:00,call,228,0,Kara
user_0410,2025-05-14 07:01:00,call,474,0,Kara
user_0486,2025-03-05 09:21:00,sms,0,0,Lomé
user_0350,2025-05-08 01:26:00,call,590,0,Kpalimé
user_0404,2025-05-03 13:28:00,sms,0,0,Kpalimé
user_0020,2025-02-12 02:13:00,sms,0,0,Kara
user_0410,2025-03-09 01:41:00,call,68,0,Sokodé
user_0435,2025-02-21 13:57:00,sms,0,0,Tsévié
user_0122,2025-04-12 10:57:00,sms,0,0,Dapaong
user_0123,2025-06-20 07:56:00,sms,0,0,Atakpamé
user_0408,2025-04-26 09:38:00,sms,0,0,Tsévié
user_0314,2025-03-28 22:31:00,sms,0,0,Lomé
user_0239,2025-03-16 21:06:00,call,186,0,Sokodé
user_0331,2025-03-27 10:18:00,call,140,0,Kara
user_0146,2025-05-03 11:36:00,data,0,218.54,Atakpamé
user_0049,2025-02-23 12:37:00,sms,0,0,Lomé
user_0331,2025-01-23 14:06:00,call,228,0,Kara
user_0081,2025-04-05 06:12:00,call,265,0,Atakpamé
user_0208,2025-04-15 19:15:00,data,0,433.6,Kara
user_0273,2025-02-26 16:27:00,call,337,0,Atakpamé
user_0427,2025-04-27 18:30:00,sms,0,0,Kpalimé
user_0174,2025-03-23 17:10:00,sms,0,0,Lomé
user_0005,2025-04-02 08:07:00,sms,0,0,Dapaong
user_0043,2025-01-29 09:48:00,sms,0,0,Kara
user_0266,2025-05-16 03:54:00,call,135,0,Dapaong
user_0211,2025-06-29 03:27:00,call,329,0,Atakpamé
user_0272,2025-01-24 14:52:00,sms,0,0,Lomé
user_0192,2025-01-18 15:37:00,call,451,0,Atakpamé
user_0374,2025-04-10 10:06:00,sms,0,0,Tsévié
user_0034,2025-04-20 01:13:00,data,0,475.86,Lomé
user_0346,2025-02-17 09:51:00,sms,0,0,Dapaong
user_0448,2025-02-09 04:48:00,sms,0,0,Dapaong
user_0251,2025-05-27 04:19:00,data,0,334.68,Kara
user_0079,2025-06-26 20:42:00,call,339,0,Kpalimé
user_0468,2025-04-29 00:15:00,data,0,18.99,Lomé
user_0349,2025-04-12 19:51:00,sms,0,0,Atakpamé
user_0351,2025-05-12 19:37:00,data,0,189.52,Kara
user_0350,2025-01-05 12:17:00,data,0,393.16,Lomé
user_0005,2025-06-25 16:17:00,data,0,406.9,Atakpamé
user_0064,2025-01-14 07:11:00,data,0,205.12,Kara
user_0351,2025-02-06 06:36:00,call,504,0,Kpalimé
user_0447,2025-05-07 09:11:00,data,0,485.48,Tsévié
user_0285,2025-05-26 08:49:00,data,0,316.95,Sokodé
user_0017,2025-05-02 02:50:00,call,379,0,Kara
user_0266,2025-03-22 00:59:00,data,0,23.79,Lomé
user_0200,2025-05-23 09:53:00,sms,0,0,Atakpamé
user_0460,2025-03-23 16:45:00,sms,0,0,Kara
user_0289,2025-05-07 16:06:00,sms,0,0,Lomé
user_0365,2025-06-24 10:39:00,data,0,175.63,Sokodé
user_0473,2025-01-30 23:16:00,sms,0,0,Kara
user_0241,2025-03-09 13:26:00,data,0,353.4,Kara
user_0077,2025-05-20 05:56:00,call,513,0,Atakpamé
user_0180,2025-02-17 11:27:00,sms,0,0,Tsévié
user_0106,2025-01-16 13:21:00,sms,0,0,Dapaong
user_0034,2025-06-14 09:56:00,data,0,241.51,Dapaong
user_0049,2025-06-28 06:30:00,call,344,0,Lomé
user_0255,2025-04-12 04:03:00,call,208,0,Tsévié
user_0286,2025-04-12 10:12:00,sms,0,0,Lomé
user_0312,2025-02-18 00:51:00,sms,0,0,Sokodé
user_0022,2025-03-02 16:01:00,call,463,0,Kara
user_0299,2025-03-25 05:37:00,data,0,192.21,Dapaong
user_0016,2025-02-21 21:13:00,call,227,0,Kara
user_0169,2025-02-28 17:38:00,data,0,331.33,Dapaong
user_0431,2025-01-27 11:01:00,call,420,0,Dapaong
user_0130,2025-01-05 02:55:00,data,0,77.9,Dapaong
user_0096,2025-03-27 14:48:00,sms,0,0,Lomé
user_0263,2025-05-30 08:19:00,call,279,0,Atakpamé
user_0057,2025-05-24 04:52:00,sms,0,0,Lomé
user_0402,2025-02-05 04:59:00,sms,0,0,Tsévié
user_0061,2025-06-24 03:23:00,call,573,0,Lomé
user_0034,2025-05-18 18:55:00,data,0,234.11,Atakpamé
user_0258,2025-06-28 17:39:00,call,520,0,Dapaong
user_0456,2025-06-11 17:31:00,sms,0,0,Lomé
user_0097,2025-04-15 06:47:00,call,32,0,Sokodé
user_0213,2025-03-04 23:53:00,sms,0,0,Atakpamé
user_0120,2025-01-20 10:55:00,call,32,0,Tsévié
user_0341,2025-04-29 05:25:00,sms,0,0,Tsévié
user_0270,2025-03-20 17:20:00,sms,0,0,Tsévié
user_0435,2025-06-14 20:38:00,sms,0,0,Sokodé
user_0415,2025-01-20 20:45:00,data,0,441.77,Lomé
user_0448,2025-03-01 20:47:00,sms,0,0,Lomé
user_0432,2025-01-26 04:20:00,sms,0,0,Sokodé
user_0281,2025-01-17 07:04:00,call,312,0,Lomé
user_0413,2025-06-21 19:03:00,data,0,426.64,Tsévié
user_0182,2025-06-22 12:17:00,sms,0,0,Sokodé
user_0102,2025-06-30 17:29:00,call,52,0,Kpalimé
user_0151,2025-01-22 23:12:00,call,85,0,Dapaong
user_0456,2025-04-06 11:36:00,call,416,0,Atakpamé
user_0327,2025-06-23 06:22:00,data,0,431.1,Sokodé
user_0300,2025-02-24 04:16:00,data,0,486.76,Tsévié
user_0209,2025-02-05 11:28:00,sms,0,0,Atakpamé
user_0162,2025-04-15 22:35:00,sms,0,0,Lomé
user_0474,2025-05-31 21:25:00,data,0,109.79,Kpalimé
user_0267,2025-04-15 18:40:00,call,436,0,Dapaong
user_0007,2025-06-22 12:31:00,data,0,126.89,Lomé
user_0367,2025-05-08 11:05:00,data,0,425.6,Kara
user_0216,2025-02-02 03:34:00,data,0,140.8,Lomé
user_0264,2025-06-19 23:48:00,data,0,320.69,Kara
user_0212,2025-03-07 14:56:00,call,487,0,Kara
user_0286,2025-01-16 20:40:00,sms,0,0,Sokodé
user_0372,2025-02-07 07:26:00,sms,0,0,Dapaong
user_0347,2025-02-28 11:06:00,sms,0,0,Kpalimé
user_0098,2025-05-02 16:33:00,data,0,181.95,Lomé
user_0407,2025-02-20 17:55:00,call,224,0,Kpalimé
user_0417,2025-03-01 23:06:00,call,341,0,Kara
user_0089,2025-05-18 12:16:00,sms,0,0,Kara
user_0474,2025-04-04 13:44:00,call,51,0,Dapaong
user_0473,2025-04-18 04:26:00,call,506,0,Atakpamé
user_0179,2025-03-04 15:51:00,call,570,0,Sokodé
user_0416,2025-02-26 12:20:00,sms,0,0,Tsévié
user_0227,2025-05-05 09:06:00,call,377,0,Lomé
user_0376,2025-05-29 03:23:00,sms,0,0,Kara
user_0360,2025-04-08 17:32:00,data,0,479.2,Kara
user_0314,2025-05-18 05:06:00,data,0,341.15,Kara
user_0421,2025-02-28 18:30:00,call,141,0,Sokodé
user_0245,2025-01-18 14:39:00,sms,0,0,Atakpamé
user_0294,2025-04-28 18:47:00,call,260,0,Kpalimé
user_0484,2025-04-13 17:36:00,data,0,320.0,Lomé
user_0467,2025-01-25 04:18:00,sms,0,0,Kara
user_0057,2025-06-06 17:07:00,call,328,0,Dapaong
user_0428,2025-06-22 02:45:00,call,202,0,Tsévié
user_0017,2025-04-07 12:00:00,call,440,0,Sokodé
user_0051,2025-06-30 06:15:00,call,408,0,Dapaong
user_0205,2025-04-17 11:46:00,sms,0,0,Kara
user_0446,2025-02-12 06:16:00,sms,0,0,Tsévié
user_0459,2025-02-05 16:48:00,call,567,0,Kpalimé
user_0261,2025-06-16 09:07:00,sms,0,0,Sokodé
user_0475,2025-01-04 02:12:00,sms,0,0,Tsévié
user_0202,2025-06-30 09:19:00,call,129,0,Tsévié
user_0250,2025-02-04 00:14:00,sms,0,0,Kara
user_0333,2025-06-08 16:01:00,call,488,0,Atakpamé
user_0444,2025-02-12 14:27:00,call,271,0,Kpalimé
user_0111,2025-05-01 22:07:00,sms,0,0,Atakpamé
user_0098,2025-06-17 07:58:00,sms,0,0,Kara
user_0104,2025-04-04 17:15:00,call,432,0,Kara
user_0004,2025-01-03 09:14:00,sms,0,0,Tsévié
user_0478,2025-01-16 06:00:00,data,0,273.1,Dapaong
user_0434,2025-03-29 11:43:00,call,347,0,Atakpamé
user_0439,2025-03-25 06:20:00,data,0,291.32,Dapaong
user_0166,2025-01-17 08:36:00,call,186,0,Lomé
user_0286,2025-05-28 01:09:00,call,521,0,Kpalimé
user_0150,2025-02-05 20:21:00,sms,0,0,Kpalimé
user_0151,2025-01-18 07:25:00,sms,0,0,Dapaong
user_0091,2025-01-05 07:40:00,data,0,325.43,Kpalimé
user_0004,2025-03-30 03:22:00,sms,0,0,Sokodé
user_0173,2025-02-14 12:16:00,data,0,105.75,Sokodé
user_0249,2025-01-22 09:30:00,data,0,281.89,Kpalimé
user_0409,2025-03-23 10:46:00,data,0,412.18,Atakpamé
user_0126,2025-04-08 15:12:00,sms,0,0,Kpalimé
user_0443,2025-04-18 20:30:00,sms,0,0,Dapaong
user_0229,2025-06-16 11:36:00,call,542,0,Lomé
user_0414,2025-06-28 18:53:00,call,413,0,Tsévié
user_0039,2025-04-10 15:48:00,call,553,0,Kara
user_0372,2025-02-18 01:20:00,call,165,0,Lomé
user_0193,2025-02-14 05:09:00,call,48,0,Sokodé
user_0343,2025-06-23 09:36:00,data,0,441.1,Tsévié
user_0182,2025-03-31 16:42:00,sms,0,0,Tsévié
user_0294,2025-01-20 01:06:00,call,490,0,Sokodé
user_0153,2025-06-21 11:35:00,call,57,0,Kpalimé
user_0278,2025-06-26 03:18:00,call,41,0,Sokodé
user_0126,2025-03-28 12:35:00,call,543,0,Kara
user_0002,2025-01-22 01:09:00,data,0,225.57,Sokodé
user_0126,2025-04-04 21:16:00,data,0,7.39,Kara
user_0444,2025-02-15 22:19:00,call,308,0,Lomé
user_0404,2025-05-16 08:29:00,sms,0,0,Dapaong
user_0390,2025-04-21 00:24:00,call,246,0,Kpalimé
user_0366,2025-04-28 19:36:00,call,418,0,Kpalimé
user_0274,2025-02-28 03:02:00,call,386,0,Kpalimé
user_0367,2025-06-15 06:43:00,sms,0,0,Kara
user_0117,2025-04-05 15:43:00,sms,0,0,Sokodé
user_0115,2025-06-26 13:21:00,call,139,0,Atakpamé
user_0062,2025-01-14 23:01:00,data,0,87.57,Tsévié
user_0139,2025-01-30 19:29:00,data,0,472.27,Dapaong
user_0305,2025-02-07 16:20:00,data,0,114.34,Kpalimé
user_0422,2025-04-18 05:32:00,data,0,293.73,Dapaong
user_0331,2025-02-07 12:00:00,data,0,60.95,Kpalimé
user_0500,2025-01-19 20:10:00,data,0,390.03,Lomé
user_0410,2025-02-19 21:29:00,call,520,0,Lomé
user_0090,2025-01-04 23:49:00,sms,0,0,Atakpamé
user_0104,2025-01-20 22:56:00,data,0,199.32,Kara
user_0495,2025-06-07 08:39:00,call,209,0,Kara
user_0500,2025-04-09 23:42:00,sms,0,0,Tsévié
user_0107,2025-01-18 09:01:00,call,78,0,Atakpamé
user_0454,2025-02-21 18:05:00,sms,0,0,Tsévié
user_0045,2025-04-01 16:18:00,sms,0,0,Sokodé
user_0500,2025-04-15 13:59:00,data,0,386.09,Atakpamé
user_0030,2025-01-24 14:15:00,data,0,292.76,Dapaong
user_0322,2025-02-21 14:53:00,call,279,0,Sokodé
user_0317,2025-02-21 17:13:00,call,211,0,Kara
user_0113,2025-06-10 04:49:00,sms,0,0,Lomé
user_0110,2025-05-16 23:48:00,sms,0,0,Kpalimé
user_0309,2025-01-04 20:23:00,data,0,435.58,Kara
user_0440,2025-01-08 05:48:00,sms,0,0,Atakpamé
user_0431,2025-02-12 02:45:00,sms,0,0,Kara
user_0368,2025-06-22 04:21:00,call,207,0,Kara
user_0310,2025-05-18 17:39:00,call,111,0,Dapaong
user_0500,2025-06-24 17:44:00,call,271,0,Kpalimé
user_0308,2025-06-13 23:54:00,call,84,0,Sokodé
user_0165,2025-02-23 15:39:00,data,0,61.27,Kara
user_0236,2025-06-27 13:42:00,sms,0,0,Atakpamé
user_0410,2025-03-04 23:53:00,sms,0,0,Kpalimé
user_0352,2025-05-12 19:50:00,data,0,20.53,Kara
user_0064,2025-05-24 22:35:00,call,170,0,Kara
user_0042,2025-04-23 22:57:00,data,0,217.5,Sokodé
user_0033,2025-06-07 17:56:00,sms,0,0,Dapaong
user_0412,2025-05-16 01:45:00,data,0,336.42,Sokodé
user_0285,2025-05-22 06:15:00,call,45,0,Kpalimé
user_0445,2025-04-16 09:32:00,data,0,49.39,Atakpamé
user_0093,2025-05-10 02:43:00,call,302,0,Atakpamé
user_0156,2025-05-07 00:06:00,sms,0,0,Atakpamé
user_0209,2025-04-15 03:52:00,call,208,0,Kara
user_0193,2025-06-12 16:11:00,sms,0,0,Dapaong
user_0276,2025-03-04 04:51:00,sms,0,0,Sokodé
user_0154,2025-03-03 16:14:00,data,0,489.71,Kara
user_0030,2025-01-13 07:53:00,call,255,0,Atakpamé
user_0015,2025-01-12 12:46:00,call,131,0,Tsévié
user_0337,2025-03-30 03:28:00,data,0,401.76,Kpalimé
user_0335,2025-01-05 12:51:00,data,0,241.43,Lomé
user_0096,2025-04-21 13:05:00,data,0,76.3,Sokodé
user_0345,2025-03-13 16:44:00,data,0,56.35,Kpalimé
user_0151,2025-06-23 19:21:00,sms,0,0,Kara
user_0444,2025-05-13 00:57:00,call,298,0,Lomé
user_0330,2025-02-12 05:14:00,data,0,56.73,Sokodé
user_0402,2025-05-09 20:35:00,call,129,0,Dapaong
user_0038,2025-01-15 13:31:00,data,0,76.47,Sokodé
user_0239,2025-05-22 18:25:00,sms,0,0,Sokodé
user_0194,2025-04-06 07:28:00,sms,0,0,Kara
user_0276,2025-05-27 10:58:00,call,170,0,Kpalimé
user_0405,2025-04-13 14:02:00,sms,0,0,Sokodé
user_0280,2025-02-12 19:58:00,call,476,0,Kpalimé
user_0353,2025-01-09 09:03:00,call,258,0,Lomé
user_0326,2025-01-28 02:09:00,data,0,125.99,Sokodé
user_0321,2025-05-15 17:05:00,data,0,143.65,Dapaong
user_0255,2025-03-13 08:25:00,call,205,0,Kpalimé
user_0260,2025-04-15 05:27:00,call,402,0,Tsévié
user_0412,2025-04-28 09:18:00,call,593,0,Kpalimé
user_0397,2025-06-26 23:00:00,sms,0,0,Sokodé
user_0324,2025-02-23 03:35:00,sms,0,0,Sokodé
user_0418,2025-04-18 10:39:00,call,527,0,Atakpamé
user_0321,2025-01-24 11:27:00,data,0,51.64,Lomé
user_0287,2025-06-28 08:36:00,data,0,265.59,Kpalimé
user_0275,2025-06-01 17:53:00,data,0,127.57,Kara
user_0440,2025-05-31 02:42:00,data,0,283.48,Sokodé
user_0203,2025-01-27 19:10:00,data,0,462.31,Kara
user_0490,2025-03-29 02:08:00,call,276,0,Kara
user_0451,2025-01-17 09:46:00,sms,0,0,Kpalimé
user_0413,2025-01-03 19:43:00,data,0,37.94,Kpalimé
user_0358,2025-05-12 03:01:00,sms,0,0,Dapaong
user_0265,2025-05-20 18:28:00,call,111,0,Sokodé
user_0276,2025-01-13 15:48:00,sms,0,0,Kpalimé
user_0241,2025-06-10 07:15:00,sms,0,0,Kara
user_0246,2025-04-19 10:04:00,sms,0,0,Kpalimé
user_0413,2025-01-29 21:31:00,data,0,481.58,Lomé
user_0392,2025-02-04 17:46:00,sms,0,0,Lomé
user_0104,2025-03-12 14:20:00,call,392,0,Sokodé
user_0056,2025-04-29 01:02:00,sms,0,0,Lomé
user_0406,2025-02-19 03:36:00,call,195,0,Kara
user_0243,2025-02-09 17:59:00,data,0,234.68,Kpalimé
user_0304,2025-02-09 21:41:00,call,594,0,Lomé
user_0047,2025-05-07 14:43:00,data,0,256.86,Sokodé
user_0304,2025-04-09 08:15:00,call,73,0,Dapaong
user_0162,2025-05-18 01:38:00,call,495,0,Kpalimé
user_0125,2025-02-18 23:33:00,data,0,179.37,Tsévié
user_0381,2025-01-24 00:22:00,call,278,0,Kpalimé
user_0491,2025-01-08 23:45:00,sms,0,0,Sokodé
user_0035,2025-02-21 19:39:00,call,151,0,Atakpamé
user_0249,2025-01-04 22:29:00,sms,0,0,Atakpamé
user_0497,2025-02-03 19:56:00,data,0,332.36,Kara
user_0316,2025-05-20 09:36:00,sms,0,0,Kpalimé
user_0354,2025-03-29 12:46:00,call,481,0,Sokodé
user_0484,2025-01-29 22:13:00,data,0,409.12,Sokodé
user_0307,2025-02-27 02:59:00,data,0,269.99,Dapaong
user_0473,2025-01-29 20:50:00,sms,0,0,Sokodé
user_0234,2025-01-27 15:53:00,data,0,162.0,Tsévié
user_0474,2025-02-15 21:13:00,call,311,0,Tsévié
user_0039,2025-05-28 15:28:00,data,0,402.54,Kpalimé
user_0443,2025-03-10 08:46:00,data,0,484.37,Lomé
user_0427,2025-01-27 02:33:00,data,0,338.22,Dapaong
user_0039,2025-03-06 14:08:00,sms,0,0,Tsévié
user_0091,2025-02-22 12:43:00,call,296,0,Tsévié
user_0231,2025-03-05 17:49:00,call,421,0,Lomé
user_0466,2025-05-18 13:46:00,sms,0,0,Atakpamé
user_0447,2025-03-14 09:11:00,sms,0,0,Kara
user_0453,2025-03-29 11:21:00,data,0,401.06,Tsévié
user_0176,2025-06-24 10:27:00,sms,0,0,Atakpamé
user_0480,2025-01-22 22:06:00,sms,0,0,Kpalimé
user_0187,2025-03-14 16:25:00,data,0,276.82,Tsévié
user_0085,2025-04-17 05:44:00,sms,0,0,Sokodé
user_0487,2025-02-07 04:21:00,data,0,480.92,Dapaong
user_0117,2025-03-09 04:27:00,call,218,0,Tsévié
user_0351,2025-04-11 12:10:00,sms,0,0,Dapaong
user_0148,2025-01-10 14:45:00,sms,0,0,Lomé
user_0187,2025-01-18 00:16:00,call,262,0,Atakpamé
user_0041,2025-01-24 20:23:00,call,534,0,Dapaong
user_0474,2025-01-15 20:31:00,sms,0,0,Sokodé
user_0002,2025-03-27 18:02:00,call,21,0,Kpalimé
user_0182,2025-02-17 00:22:00,sms,0,0,Dapaong
user_0425,2025-05-21 10:30:00,call,191,0,Sokodé
user_0002,2025-06-28 18:16:00,data,0,295.41,Sokodé
user_0308,2025-02-08 02:13:00,sms,0,0,Sokodé
user_0481,2025-01-29 20:26:00,sms,0,0,Sokodé
user_0338,2025-02-05 16:57:00,call,231,0,Kara
user_0391,2025-03-28 21:22:00,data,0,99.2,Kpalimé
user_0499,2025-02-18 13:22:00,data,0,141.67,Lomé
user_0175,2025-05-10 05:42:00,sms,0,0,Dapaong
user_0319,2025-05-13 01:53:00,sms,0,0,Atakpamé
user_0228,2025-06-24 16:32:00,sms,0,0,Lomé
user_0145,2025-06-19 05:53:00,call,182,0,Sokodé
user_0310,2025-01-05 06:09:00,data,0,276.36,Kara
user_0228,2025-04-26 21:33:00,sms,0,0,Tsévié
user_0387,2025-03-10 19:52:00,sms,0,0,Dapaong
user_0020,2025-02-23 14:20:00,sms,0,0,Sokodé
user_0493,2025-06-18 02:22:00,call,67,0,Tsévié
user_0253,2025-03-28 13:45:00,call,451,0,Dapaong
user_0378,2025-01-14 21:09:00,call,496,0,Tsévié
user_0126,2025-03-18 20:43:00,call,231,0,Lomé
user_0281,2025-01-18 01:45:00,data,0,367.27,Tsévié
user_0191,2025-04-04 05:10:00,data,0,227.74,Dapaong
user_0475,2025-03-12 23:49:00,call,497,0,Atakpamé
user_0150,2025-02-16 03:18:00,sms,0,0,Sokodé
user_0420,2025-01-27 10:13:00,data,0,391.44,Atakpamé
user_0197,2025-03-28 17:26:00,sms,0,0,Kpalimé
user_0259,2025-01-14 16:58:00,sms,0,0,Tsévié
user_0461,2025-01-05 18:11:00,data,0,352.33,Atakpamé
user_0103,2025-05-22 20:25:00,call,31,0,Dapaong
user_0379,2025-04-24 12:46:00,sms,0,0,Tsévié
user_0106,2025-03-25 09:47:00,sms,0,0,Kpalimé
user_0273,2025-02-19 21:07:00,sms,0,0,Dapaong
user_0213,2025-05-21 07:29:00,data,0,340.26,Lomé
user_0002,2025-02-03 03:06:00,data,0,359.26,Kara
user_0026,2025-05-10 14:39:00,sms,0,0,Atakpamé
user_0260,2025-01-16 13:54:00,call,536,0,Dapaong
user_0022,2025-01-06 12:41:00,call,254,0,Sokodé
user_0158,2025-03-12 17:42:00,call,490,0,Sokodé
user_0210,2025-02-19 02:17:00,sms,0,0,Lomé
user_0248,2025-05-25 20:16:00,data,0,25.15,Atakpamé
user_0460,2025-04-04 21:40:00,sms,0,0,Tsévié
user_0089,2025-05-05 11:03:00,data,0,175.23,Dapaong
user_0180,2025-05-29 04:54:00,sms,0,0,Atakpamé
user_0247,2025-06-20 09:51:00,data,0,17.98,Kara
user_0016,2025-06-09 12:50:00,sms,0,0,Kpalimé
user_0045,2025-03-23 13:49:00,call,225,0,Sokodé
user_0145,2025-02-28 12:20:00,call,534,0,Atakpamé
user_0331,2025-04-08 06:56:00,sms,0,0,Dapaong
user_0360,2025-05-26 21:33:00,call,215,0,Kara
user_0171,2025-06-06 05:41:00,sms,0,0,Kara
user_0358,2025-03-07 05:07:00,call,24,0,Lomé
user_0031,2025-03-17 23:37:00,data,0,458.88,Kpalimé
user_0346,2025-03-10 10:55:00,data,0,383.96,Kara
user_0142,2025-06-24 21:31:00,sms,0,0,Kara
user_0315,2025-04-09 07:15:00,data,0,81.42,Lomé
user_0493,2025-03-22 13:45:00,data,0,331.14,Atakpamé
user_0211,2025-04-15 02:17:00,data,0,239.58,Sokodé
user_0219,2025-04-18 10:10:00,call,33,0,Kara
user_0085,2025-06-09 08:22:00,data,0,218.01,Dapaong
user_0442,2025-03-07 17:35:00,data,0,85.68,Kara
user_0448,2025-02-04 01:42:00,call,439,0,Kara
user_0242,2025-04-06 09:37:00,call,405,0,Dapaong
user_0414,2025-01-13 16:17:00,sms,0,0,Dapaong
user_0419,2025-06-25 18:57:00,call,221,0,Sokodé
user_0043,2025-03-09 21:59:00,data,0,207.08,Sokodé
user_0259,2025-04-06 03:44:00,sms,0,0,Lomé
user_0108,2025-05-14 11:28:00,call,594,0,Atakpamé
user_0017,2025-05-23 12:55:00,call,91,0,Atakpamé
user_0484,2025-03-16 12:05:00,sms,0,0,Tsévié
user_0244,2025-06-21 04:26:00,sms,0,0,Kara
user_0265,2025-01-28 19:41:00,call,294,0,Lomé
user_0241,2025-06-07 08:09:00,data,0,36.63,Tsévié
user_0356,2025-05-05 07:46:00,call,519,0,Sokodé
user_0209,2025-02-09 13:29:00,call,222,0,Kara
user_0400,2025-01-03 19:56:00,sms,0,0,Tsévié
user_0129,2025-01-20 06:24:00,call,25,0,Atakpamé
user_0070,2025-06-18 00:56:00,data,0,382.44,Kpalimé
user_0147,2025-01-07 07:50:00,data,0,487.8,Tsévié
user_0270,2025-03-29 15:51:00,call,118,0,Tsévié
user_0173,2025-05-01 13:52:00,data,0,63.36,Sokodé
user_0359,2025-03-24 15:52:00,data,0,485.74,Atakpamé
user_0118,2025-05-27 19:36:00,sms,0,0,Dapaong
user_0097,2025-03-20 18:14:00,sms,0,0,Atakpamé
user_0355,2025-05-19 13:25:00,data,0,236.23,Atakpamé
user_0439,2025-01-08 21:26:00,sms,0,0,Kara
user_0382,2025-02-28 04:22:00,call,133,0,Sokodé
user_0315,2025-05-22 22:44:00,call,309,0,Lomé
user_0290,2025-05-26 11:32:00,sms,0,0,Dapaong
user_0139,2025-06-21 16:49:00,sms,0,0,Dapaong
user_0194,2025-02-02 09:46:00,data,0,113.01,Kara
user_0165,2025-02-28 19:17:00,sms,0,0,Sokodé
user_0287,2025-06-24 15:27:00,call,131,0,Atakpamé
user_0422,2025-01-22 17:03:00,data,0,202.49,Lomé
user_0094,2025-04-08 08:28:00,data,0,294.17,Sokodé
user_0387,2025-02-27 09:10:00,data,0,42.74,Atakpamé
user_0070,2025-06-11 15:15:00,sms,0,0,Tsévié
user_0150,2025-04-14 10:17:00,data,0,140.85,Kara
user_0434,2025-06-01 10:11:00,data,0,233.78,Dapaong
user_0475,2025-06-03 02:40:00,data,0,181.75,Kara
user_0304,2025-02-12 06:16:00,call,454,0,Atakpamé
user_0037,2025-04-05 07:04:00,sms,0,0,Tsévié
user_0148,2025-05-21 10:16:00,data,0,186.42,Atakpamé
user_0189,2025-01-19 00:04:00,sms,0,0,Sokodé
user_0061,2025-05-11 10:04:00,sms,0,0,Kpalimé
user_0458,2025-04-05 16:16:00,sms,0,0,Lomé
user_0087,2025-03-14 04:37:00,call,182,0,Tsévié
user_0332,2025-01-25 17:58:00,sms,0,0,Atakpamé
user_0138,2025-01-02 16:37:00,sms,0,0,Kpalimé
user_0474,2025-01-15 10:55:00,call,393,0,Atakpamé
user_0399,2025-02-02 16:49:00,sms,0,0,Lomé
user_0075,2025-04-09 01:31:00,call,274,0,Dapaong
user_0285,2025-02-06 16:31:00,data,0,372.32,Tsévié
user_0243,2025-03-25 07:16:00,data,0,358.8,Kara
user_0011,2025-06-15 12:40:00,data,0,123.92,Atakpamé
user_0050,2025-03-02 20:54:00,sms,0,0,Tsévié
user_0227,2025-04-10 02:11:00,sms,0,0,Sokodé
user_0480,2025-01-07 11:41:00,data,0,68.58,Sokodé
user_0434,2025-02-05 22:03:00,data,0,311.87,Tsévié
user_0373,2025-04-01 05:41:00,data,0,341.77,Lomé
user_0042,2025-01-02 21:13:00,data,0,307.26,Tsévié
user_0074,2025-05-06 03:57:00,call,500,0,Atakpamé
user_0489,2025-06-20 21:37:00,sms,0,0,Kpalimé
user_0352,2025-03-11 19:32:00,data,0,94.13,Lomé
user_0269,2025-03-11 14:28:00,sms,0,0,Atakpamé
user_0073,2025-01-31 21:03:00,sms,0,0,Sokodé
user_0205,2025-03-11 05:24:00,sms,0,0,Kara
user_0247,2025-02-15 18:21:00,call,497,0,Sokodé
user_0500,2025-05-10 11:05:00,data,0,221.46,Kpalimé
user_0403,2025-01-09 18:18:00,call,400,0,Tsévié
user_0001,2025-04-28 21:26:00,call,567,0,Lomé
user_0268,2025-06-21 00:58:00,call,55,0,Atakpamé
user_0088,2025-02-21 22:18:00,call,453,0,Atakpamé
user_0197,2025-06-25 13:00:00,call,161,0,Sokodé
user_0323,2025-02-01 21:10:00,sms,0,0,Tsévié
user_0230,2025-06-15 13:01:00,data,0,165.92,Sokodé
user_0244,2025-06-18 22:19:00,sms,0,0,Dapaong
user_0399,2025-01-27 09:32:00,sms,0,0,Dapaong
user_0316,2025-05-18 22:27:00,data,0,436.46,Atakpamé
user_0296,2025-01-21 23:36:00,data,0,172.09,Dapaong
user_0186,2025-02-25 01:02:00,call,496,0,Lomé
user_0409,2025-06-01 07:59:00,data,0,94.45,Kara
user_0243,2025-03-27 15:55:00,sms,0,0,Sokodé
user_0127,2025-05-07 18:10:00,call,255,0,Dapaong
user_0049,2025-02-22 03:17:00,data,0,498.06,Dapaong
user_0075,2025-03-25 07:39:00,data,0,454.31,Dapaong
user_0252,2025-05-18 01:55:00,data,0,199.52,Kara
user_0156,2025-04-07 10:38:00,sms,0,0,Kpalimé
user_0227,2025-02-17 23:13:00,sms,0,0,Kpalimé
user_0344,2025-05-20 00:44:00,sms,0,0,Kpalimé
user_0424,2025-04-08 05:56:00,data,0,141.66,Dapaong
user_0203,2025-01-04 21:20:00,data,0,478.2,Tsévié
user_0240,2025-02-24 03:11:00,data,0,16.05,Tsévié
user_0444,2025-06-16 02:31:00,sms,0,0,Lomé
user_0155,2025-04-18 06:09:00,call,145,0,Kara
user_0080,2025-03-25 20:27:00,data,0,378.42,Kara
user_0329,2025-04-10 08:21:00,call,468,0,Lomé
user_0347,2025-03-17 02:40:00,sms,0,0,Dapaong
user_0192,2025-01-26 22:07:00,sms,0,0,Lomé
user_0085,2025-06-20 02:59:00,data,0,363.38,Kara
user_0488,2025-06-15 10:30:00,call,155,0,Kpalimé
user_0209,2025-03-20 18:24:00,call,66,0,Kpalimé
user_0431,2025-02-07 01:30:00,data,0,349.55,Sokodé
user_0169,2025-05-19 06:49:00,call,99,0,Dapaong
user_0001,2025-06-07 00:22:00,data,0,97.31,Lomé
user_0166,2025-06-14 18:06:00,data,0,387.77,Lomé
user_0107,2025-06-04 10:32:00,data,0,287.69,Tsévié
user_0468,2025-03-15 07:15:00,sms,0,0,Dapaong
user_0208,2025-04-15 01:59:00,call,81,0,Kara
user_0496,2025-01-24 08:56:00,sms,0,0,Tsévié
user_0310,2025-02-12 21:10:00,sms,0,0,Dapaong
user_0422,2025-01-11 13:08:00,sms,0,0,Sokodé
user_0356,2025-06-29 07:21:00,data,0,395.96,Atakpamé
user_0227,2025-05-12 03:06:00,call,115,0,Lomé
user_0151,2025-06-18 05:53:00,call,237,0,Dapaong
user_0427,2025-05-30 18:43:00,sms,0,0,Sokodé
user_0016,2025-04-27 03:25:00,sms,0,0,Kpalimé
user_0116,2025-01-02 02:47:00,sms,0,0,Tsévié
user_0301,2025-04-13 22:07:00,data,0,298.36,Tsévié
user_0025,2025-02-13 15:48:00,sms,0,0,Kara
user_0265,2025-01-28 00:59:00,call,544,0,Kpalimé
user_0273,2025-06-22 13:11:00,sms,0,0,Tsévié
user_0387,2025-06-16 16:36:00,data,0,127.6,Lomé
user_0386,2025-01-24 12:30:00,sms,0,0,Atakpamé
user_0454,2025-06-08 06:47:00,sms,0,0,Kpalimé
user_0362,2025-04-15 17:01:00,data,0,336.06,Atakpamé
user_0219,2025-02-05 12:51:00,data,0,171.29,Dapaong
user_0433,2025-04-16 23:23:00,data,0,85.68,Atakpamé
user_0151,2025-01-24 22:22:00,data,0,374.67,Tsévié
user_0005,2025-05-05 19:23:00,sms,0,0,Sokodé
user_0177,2025-05-12 23:21:00,call,67,0,Kpalimé
user_0373,2025-05-16 21:46:00,data,0,180.76,Dapaong
user_0495,2025-05-04 06:49:00,call,181,0,Lomé
user_0086,2025-01-08 03:17:00,data,0,168.98,Kpalimé
user_0127,2025-03-18 11:56:00,call,315,0,Kara
user_0130,2025-06-29 02:18:00,data,0,486.77,Kpalimé
user_0328,2025-03-08 18:15:00,data,0,486.44,Kpalimé
user_0441,2025-06-20 12:59:00,sms,0,0,Sokodé
user_0012,2025-02-18 21:44:00,data,0,80.76,Sokodé
user_0407,2025-04-03 19:13:00,sms,0,0,Atakpamé
user_0145,2025-05-30 14:49:00,call,85,0,Kpalimé
user_0319,2025-02-14 05:35:00,data,0,309.21,Sokodé
user_0190,2025-01-24 16:31:00,call,114,0,Kara
user_0385,2025-03-28 21:52:00,sms,0,0,Lomé
user_0098,2025-02-26 14:42:00,sms,0,0,Kara
user_0411,2025-05-02 23:25:00,call,296,0,Sokodé
user_0025,2025-06-04 04:33:00,sms,0,0,Dapaong
user_0081,2025-02-14 03:24:00,data,0,460.77,Dapaong
user_0435,2025-01-14 19:20:00,data,0,159.64,Lomé
user_0055,2025-01-04 22:01:00,call,567,0,Kara
user_0278,2025-04-26 20:13:00,data,0,352.62,Kara
user_0067,2025-04-08 00:09:00,data,0,463.36,Lomé
user_0395,2025-02-03 09:59:00,call,330,0,Kara
user_0211,2025-01-12 16:36:00,data,0,324.75,Kpalimé
user_0083,2025-01-10 15:47:00,sms,0,0,Atakpamé
user_0320,2025-02-22 12:16:00,sms,0,0,Kara
user_0495,2025-06-15 10:17:00,sms,0,0,Lomé
user_0106,2025-05-22 19:30:00,sms,0,0,Kpalimé
user_0483,2025-01-29 19:14:00,data,0,25.45,Atakpamé
user_0117,2025-02-21 03:46:00,data,0,345.29,Lomé
user_0243,2025-05-20 23:29:00,data,0,190.47,Kara
user_0139,2025-02-10 14:13:00,call,107,0,Tsévié
user_0036,2025-05-20 03:03:00,call,477,0,Atakpamé
user_0011,2025-06-15 10:03:00,call,486,0,Tsévié
user_0026,2025-02-23 12:04:00,data,0,426.74,Dapaong
user_0499,2025-05-15 18:37:00,sms,0,0,Kpalimé
user_0357,2025-05-29 21:46:00,data,0,484.72,Tsévié
user_0368,2025-04-06 20:02:00,call,148,0,Kara
user_0185,2025-05-20 19:55:00,data,0,8.35,Kara
user_0488,2025-04-01 20:04:00,sms,0,0,Kara
user_0260,2025-06-26 22:22:00,data,0,92.31,Sokodé
user_0428,2025-03-07 13:07:00,data,0,133.85,Kpalimé
user_0126,2025-05-10 23:38:00,data,0,109.78,Tsévié
user_0114,2025-03-05 19:26:00,call,240,0,Atakpamé
user_0337,2025-05-10 22:31:00,sms,0,0,Tsévié
user_0411,2025-03-05 01:32:00,sms,0,0,Kpalimé
user_0491,2025-01-23 16:27:00,data,0,426.55,Lomé
user_0305,2025-03-17 11:22:00,sms,0,0,Kpalimé
user_0109,2025-05-18 13:03:00,sms,0,0,Tsévié
user_0262,2025-06-14 12:54:00,call,244,0,Tsévié
user_0134,2025-02-08 21:53:00,call,485,0,Dapaong
user_0193,2025-06-06 08:14:00,sms,0,0,Sokodé
user_0227,2025-04-28 21:11:00,data,0,95.01,Atakpamé
user_0094,2025-01-30 21:07:00,sms,0,0,Kara
user_0151,2025-05-20 15:57:00,sms,0,0,Dapaong
user_0461,2025-03-25 20:37:00,sms,0,0,Tsévié
user_0447,2025-04-22 09:21:00,call,453,0,Kpalimé
user_0495,2025-05-26 09:46:00,data,0,49.1,Lomé
user_0263,2025-01-02 07:44:00,sms,0,0,Tsévié
user_0034,2025-03-15 21:19:00,data,0,244.68,Sokodé
user_0019,2025-01-28 18:24:00,sms,0,0,Kpalimé
user_0495,2025-01-06 11:40:00,sms,0,0,Atakpamé
user_0247,2025-03-20 06:02:00,data,0,456.16,Dapaong
user_0418,2025-01-06 12:50:00,data,0,106.87,Tsévié
user_0173,2025-04-28 06:51:00,call,249,0,Lomé
user_0449,2025-06-29 13:51:00,data,0,195.08,Lomé
user_0472,2025-03-22 12:39:00,sms,0,0,Sokodé
user_0438,2025-04-16 10:00:00,call,558,0,Sokodé
user_0419,2025-03-27 16:32:00,call,13,0,Sokodé
user_0001,2025-04-19 05:00:00,data,0,418.77,Tsévié
user_0215,2025-01-07 22:01:00,call,531,0,Kara
user_0344,2025-05-19 00:04:00,sms,0,0,Tsévié
user_0147,2025-05-01 09:02:00,sms,0,0,Kara
user_0474,2025-02-11 05:43:00,call,487,0,Dapaong
user_0495,2025-02-07 23:39:00,call,433,0,Atakpamé
user_0209,2025-05-01 12:43:00,sms,0,0,Tsévié
user_0269,2025-01-24 05:31:00,sms,0,0,Dapaong
user_0173,2025-06-09 10:11:00,data,0,68.76,Kpalimé
user_0124,2025-04-26 14:42:00,data,0,71.2,Dapaong
user_0135,2025-02-21 00:43:00,sms,0,0,Lomé
user_0270,2025-01-11 04:54:00,sms,0,0,Kpalimé
user_0475,2025-05-07 14:19:00,data,0,167.4,Kara
user_0216,2025-02-20 00:38:00,data,0,107.19,Sokodé
user_0291,2025-05-06 05:42:00,sms,0,0,Kpalimé
user_0129,2025-04-02 06:45:00,sms,0,0,Kara
user_0151,2025-02-08 20:23:00,sms,0,0,Kpalimé
user_0332,2025-03-14 21:21:00,call,589,0,Kpalimé
user_0093,2025-06-17 06:23:00,data,0,108.61,Lomé
user_0309,2025-03-14 18:13:00,call,99,0,Kpalimé
user_0451,2025-05-17 05:29:00,sms,0,0,Sokodé
user_0463,2025-01-14 02:34:00,sms,0,0,Kpalimé
user_0417,2025-03-29 10:37:00,data,0,102.54,Tsévié
user_0210,2025-01-23 20:12:00,call,444,0,Tsévié
user_0194,2025-02-13 10:07:00,sms,0,0,Tsévié
user_0241,2025-01-07 15:40:00,call,476,0,Sokodé
user_0246,2025-05-24 01:30:00,sms,0,0,Dapaong
user_0406,2025-03-22 10:05:00,data,0,290.02,Tsévié
user_0396,2025-06-11 20:12:00,call,174,0,Atakpamé
user_0487,2025-05-01 17:19:00,sms,0,0,Lomé
user_0108,2025-01-26 23:55:00,data,0,185.34,Kara
user_0264,2025-02-07 08:54:00,data,0,404.38,Tsévié
user_0074,2025-02-05 15:44:00,data,0,189.67,Atakpamé
user_0163,2025-01-12 15:30:00,call,531,0,Atakpamé
user_0118,2025-02-05 04:37:00,data,0,107.13,Sokodé
user_0450,2025-03-02 16:28:00,data,0,496.51,Sokodé
user_0024,2025-01-16 18:09:00,sms,0,0,Kpalimé
user_0359,2025-06-21 12:20:00,sms,0,0,Kpalimé
user_0229,2025-02-10 12:57:00,call,350,0,Sokodé
user_0347,2025-04-26 17:17:00,sms,0,0,Atakpamé
user_0265,2025-03-12 20:50:00,call,57,0,Dapaong
user_0031,2025-01-09 09:04:00,call,433,0,Sokodé
user_0166,2025-05-03 10:27:00,sms,0,0,Kara
user_0285,2025-03-03 08:19:00,call,511,0,Kara
user_0185,2025-05-25 21:20:00,data,0,372.52,Dapaong
user_0415,2025-03-23 16:52:00,call,151,0,Lomé
user_0275,2025-04-05 13:53:00,call,256,0,Atakpamé
user_0277,2025-02-11 11:37:00,sms,0,0,Kpalimé
user_0404,2025-04-15 14:31:00,call,213,0,Lomé
user_0232,2025-01-24 20:48:00,sms,0,0,Lomé
user_0334,2025-06-26 06:44:00,sms,0,0,Dapaong
user_0049,2025-05-22 09:54:00,data,0,148.34,Kpalimé
user_0487,2025-04-28 10:15:00,call,286,0,Lomé
user_0101,2025-01-07 02:19:00,sms,0,0,Sokodé
user_0323,2025-06-08 14:47:00,data,0,423.13,Tsévié
user_0411,2025-05-31 11:12:00,data,0,111.93,Dapaong
user_0111,2025-06-14 12:53:00,call,597,0,Tsévié
user_0194,2025-01-23 17:26:00,sms,0,0,Kara
user_0336,2025-01-26 14:51:00,sms,0,0,Kpalimé
user_0352,2025-02-06 06:44:00,sms,0,0,Dapaong
user_0095,2025-06-20 12:37:00,sms,0,0,Atakpamé
user_0010,2025-06-04 08:07:00,data,0,166.15,Tsévié
user_0420,2025-05-16 08:01:00,data,0,46.41,Tsévié
user_0192,2025-06-06 21:07:00,sms,0,0,Kara
user_0405,2025-03-10 03:05:00,call,436,0,Kara
user_0184,2025-03-29 21:22:00,data,0,61.79,Kpalimé
user_0457,2025-04-08 20:52:00,data,0,162.42,Atakpamé
user_0257,2025-03-23 05:42:00,call,112,0,Lomé
user_0435,2025-05-27 04:11:00,data,0,347.78,Kara
user_0265,2025-01-18 04:33:00,data,0,99.09,Kpalimé
user_0024,2025-05-16 06:25:00,sms,0,0,Kpalimé
user_0240,2025-04-04 02:54:00,sms,0,0,Kpalimé
user_0091,2025-03-05 20:08:00,data,0,328.53,Sokodé
user_0158,2025-01-26 11:37:00,call,112,0,Lomé
user_0327,2025-01-09 13:02:00,call,208,0,Sokodé
user_0014,2025-05-06 20:29:00,sms,0,0,Atakpamé
user_0067,2025-01-24 01:16:00,call,77,0,Sokodé
user_0236,2025-05-26 05:48:00,sms,0,0,Dapaong
user_0212,2025-05-08 03:18:00,sms,0,0,Lomé
user_0207,2025-01-10 08:32:00,data,0,285.31,Kara
user_0201,2025-01-04 00:29:00,data,0,479.47,Kara
user_0240,2025-05-03 21:12:00,call,553,0,Tsévié
user_0131,2025-03-13 17:37:00,sms,0,0,Atakpamé
user_0410,2025-02-15 05:04:00,data,0,175.48,Tsévié
user_0442,2025-01-09 21:35:00,call,378,0,Kara
user_0003,2025-02-20 18:26:00,data,0,141.38,Tsévié
user_0191,2025-01-23 08:56:00,data,0,60.43,Kara
user_0132,2025-03-04 03:31:00,data,0,255.44,Kara
user_0003,2025-06-23 06:46:00,data,0,207.1,Tsévié
user_0107,2025-06-04 20:39:00,sms,0,0,Dapaong
user_0200,2025-03-02 02:37:00,call,338,0,Atakpamé
user_0470,2025-06-26 20:56:00,call,52,0,Kara
user_0407,2025-05-08 12:47:00,sms,0,0,Dapaong
user_0107,2025-04-19 07:04:00,sms,0,0,Tsévié
user_0331,2025-03-10 07:35:00,sms,0,0,Lomé
user_0014,2025-03-25 00:34:00,call,59,0,Kpalimé
user_0045,2025-04-11 14:40:00,call,339,0,Atakpamé
user_0133,2025-02-08 11:18:00,data,0,272.42,Kpalimé
user_0130,2025-03-24 06:52:00,sms,0,0,Dapaong
user_0147,2025-06-10 06:10:00,call,399,0,Kpalimé
user_0228,2025-06-14 09:23:00,data,0,450.88,Dapaong
user_0305,2025-06-22 18:50:00,data,0,69.48,Kara
user_0152,2025-04-29 08:42:00,data,0,439.16,Kara
user_0124,2025-02-18 11:58:00,sms,0,0,Dapaong
user_0036,2025-06-10 19:45:00,data,0,15.6,Lomé
user_0121,2025-04-28 05:11:00,call,129,0,Kpalimé
user_0478,2025-05-15 15:02:00,call,89,0,Atakpamé
user_0010,2025-03-19 13:37:00,call,250,0,Tsévié
user_0367,2025-05-16 18:13:00,call,75,0,Atakpamé
user_0414,2025-03-11 18:19:00,sms,0,0,Atakpamé
user_0462,2025-06-11 03:08:00,data,0,87.73,Lomé
user_0153,2025-04-11 04:34:00,call,104,0,Atakpamé
user_0139,2025-01-10 05:11:00,call,374,0,Lomé
user_0265,2025-01-03 13:24:00,call,304,0,Lomé
user_0147,2025-05-10 09:13:00,data,0,12.38,Lomé
user_0196,2025-01-10 21:05:00,data,0,348.3,Lomé
user_0373,2025-01-18 11:12:00,sms,0,0,Sokodé
user_0243,2025-06-25 05:11:00,data,0,213.34,Tsévié
user_0220,2025-03-13 21:44:00,call,246,0,Kpalimé
user_0171,2025-06-25 15:19:00,data,0,135.05,Lomé
user_0273,2025-04-12 18:06:00,data,0,264.47,Kpalimé
user_0378,2025-05-13 00:17:00,call,322,0,Kpalimé
user_0126,2025-04-10 11:33:00,call,105,0,Atakpamé
user_0151,2025-01-24 04:10:00,call,522,0,Dapaong
user_0178,2025-06-09 15:12:00,data,0,435.72,Atakpamé
user_0185,2025-04-30 11:48:00,sms,0,0,Atakpamé
user_0333,2025-01-22 03:09:00,data,0,426.32,Kpalimé
user_0210,2025-05-29 11:47:00,data,0,403.36,Sokodé
user_0376,2025-02-24 06:19:00,call,319,0,Sokodé
user_0236,2025-02-12 04:28:00,call,390,0,Atakpamé
user_0442,2025-03-27 06:02:00,call,138,0,Atakpamé
user_0175,2025-01-01 00:51:00,call,460,0,Atakpamé
user_0061,2025-05-11 17:01:00,data,0,300.04,Lomé
user_0343,2025-03-20 16:06:00,sms,0,0,Lomé
user_0097,2025-02-12 01:34:00,call,536,0,Kpalimé
user_0453,2025-04-08 08:41:00,call,539,0,Atakpamé
user_0322,2025-03-11 18:54:00,data,0,378.73,Dapaong
user_0069,2025-02-25 05:32:00,sms,0,0,Sokodé
user_0345,2025-06-06 23:43:00,call,549,0,Tsévié
user_0317,2025-06-03 04:46:00,data,0,322.65,Dapaong
user_0455,2025-05-20 16:18:00,data,0,107.42,Dapaong
user_0314,2025-05-09 21:24:00,call,564,0,Atakpamé
user_0464,2025-01-13 07:40:00,data,0,129.23,Sokodé
user_0355,2025-01-13 01:15:00,call,464,0,Sokodé
user_0046,2025-01-25 22:50:00,data,0,88.2,Tsévié
user_0154,2025-02-10 03:51:00,call,367,0,Kara
user_0046,2025-04-22 12:47:00,data,0,118.36,Kpalimé
user_0395,2025-03-26 01:13:00,data,0,49.4,Kpalimé
user_0475,2025-05-13 02:47:00,data,0,41.61,Kpalimé
user_0424,2025-03-01 11:27:00,call,477,0,Kara
user_0056,2025-04-16 06:52:00,data,0,286.43,Kara
user_0127,2025-02-15 01:24:00,sms,0,0,Atakpamé
user_0470,2025-03-08 22:26:00,call,369,0,Kara
user_0060,2025-03-30 12:41:00,data,0,462.34,Atakpamé
user_0256,2025-03-24 07:56:00,data,0,301.61,Atakpamé
user_0128,2025-03-06 16:36:00,sms,0,0,Atakpamé
user_0202,2025-02-13 19:55:00,call,428,0,Dapaong
user_0185,2025-04-06 04:19:00,call,489,0,Kpalimé
user_0083,2025-05-19 18:28:00,call,103,0,Sokodé
user_0487,2025-05-14 06:23:00,call,353,0,Kara
user_0301,2025-02-18 10:23:00,data,0,281.79,Atakpamé
user_0080,2025-02-18 07:54:00,sms,0,0,Atakpamé
user_0423,2025-04-01 03:46:00,sms,0,0,Kpalimé
user_0327,2025-06-27 07:42:00,sms,0,0,Kara
user_0016,2025-04-30 07:15:00,data,0,459.96,Tsévié
user_0121,2025-03-22 09:19:00,call,597,0,Dapaong
user_0448,2025-05-19 16:12:00,sms,0,0,Sokodé
user_0164,2025-02-22 21:21:00,sms,0,0,Kpalimé
user_0102,2025-03-01 00:16:00,sms,0,0,Atakpamé
user_0096,2025-05-18 11:13:00,data,0,72.48,Kara
user_0125,2025-05-29 19:13:00,call,48,0,Kara
user_0481,2025-03-23 02:05:00,sms,0,0,Tsévié
user_0243,2025-05-24 11:54:00,sms,0,0,Atakpamé
user_0349,2025-06-25 08:33:00,data,0,219.2,Atakpamé
user_0015,2025-05-19 11:15:00,data,0,450.35,Lomé
user_0151,2025-03-24 23:05:00,call,200,0,Kpalimé
user_0096,2025-05-08 03:48:00,sms,0,0,Atakpamé
user_0321,2025-03-07 13:02:00,data,0,124.81,Sokodé
user_0178,2025-01-08 15:01:00,call,567,0,Atakpamé
user_0206,2025-01-11 01:00:00,call,183,0,Sokodé
user_0306,2025-05-28 16:41:00,sms,0,0,Dapaong
user_0382,2025-06-10 03:45:00,call,526,0,Kara
user_0255,2025-04-11 02:15:00,sms,0,0,Lomé
user_0335,2025-03-16 05:31:00,sms,0,0,Tsévié
user_0368,2025-03-23 22:04:00,data,0,194.59,Tsévié
user_0426,2025-03-19 13:15:00,call,525,0,Tsévié
user_0482,2025-06-30 01:07:00,data,0,31.7,Kpalimé
user_0194,2025-04-07 11:58:00,call,420,0,Tsévié
user_0097,2025-01-13 22:56:00,data,0,226.02,Kpalimé
user_0423,2025-02-09 07:56:00,data,0,372.93,Lomé
user_0231,2025-05-17 02:50:00,call,208,0,Dapaong
user_0467,2025-02-04 09:42:00,data,0,478.81,Kara
user_0287,2025-05-02 19:07:00,call,199,0,Kara
user_0490,2025-04-04 18:52:00,call,86,0,Dapaong
user_0363,2025-02-04 23:56:00,data,0,216.35,Sokodé
user_0271,2025-01-24 08:23:00,sms,0,0,Tsévié
user_0125,2025-03-30 15:38:00,data,0,155.76,Lomé
user_0468,2025-01-05 16:36:00,sms,0,0,Sokodé
user_0078,2025-02-01 07:17:00,sms,0,0,Atakpamé
user_0431,2025-04-14 23:58:00,sms,0,0,Kpalimé
user_0214,2025-05-14 19:06:00,data,0,425.36,Kpalimé
user_0034,2025-03-21 03:34:00,data,0,276.37,Tsévié
user_0479,2025-04-05 15:02:00,sms,0,0,Atakpamé
user_0152,2025-02-25 02:50:00,call,193,0,Kpalimé
user_0447,2025-06-06 20:14:00,call,360,0,Atakpamé
user_0450,2025-06-14 21:51:00,call,279,0,Dapaong
user_0157,2025-01-15 06:24:00,sms,0,0,Kpalimé
user_0310,2025-02-13 07:45:00,sms,0,0,Tsévié
user_0010,2025-03-25 09:36:00,sms,0,0,Tsévié
user_0360,2025-01-13 07:45:00,data,0,479.27,Tsévié
user_0244,2025-04-13 02:21:00,call,540,0,Atakpamé
user_0050,2025-06-14 04:56:00,sms,0,0,Tsévié
user_0166,2025-05-06 21:58:00,call,552,0,Lomé
user_0184,2025-01-04 16:40:00,sms,0,0,Tsévié
user_0049,2025-03-05 06:37:00,data,0,413.28,Lomé
user_0380,2025-04-19 06:07:00,call,146,0,Tsévié
user_0079,2025-03-07 21:39:00,sms,0,0,Tsévié
user_0294,2025-02-02 15:25:00,sms,0,0,Atakpamé
user_0439,2025-02-02 05:27:00,data,0,31.99,Lomé
user_0293,2025-04-24 06:14:00,sms,0,0,Kara
user_0152,2025-02-25 17:28:00,data,0,110.98,Atakpamé
user_0315,2025-02-16 16:43:00,sms,0,0,Kpalimé
user_0162,2025-04-04 11:20:00,sms,0,0,Sokodé
user_0280,2025-06-03 10:15:00,sms,0,0,Lomé
user_0117,2025-01-28 11:31:00,sms,0,0,Tsévié
user_0129,2025-04-27 20:12:00,sms,0,0,Kara
user_0080,2025-06-13 00:06:00,call,365,0,Lomé
user_0395,2025-05-28 19:34:00,call,307,0,Dapaong
user_0006,2025-06-16 21:56:00,data,0,194.2,Sokodé
user_0332,2025-01-18 03:55:00,call,124,0,Kara
user_0191,2025-06-02 20:17:00,data,0,372.23,Tsévié
user_0110,2025-04-23 15:55:00,data,0,488.54,Sokodé
user_0171,2025-04-23 09:59:00,sms,0,0,Tsévié
user_0340,2025-05-03 01:50:00,sms,0,0,Kara
user_0057,2025-01-08 10:05:00,sms,0,0,Atakpamé
user_0360,2025-05-13 11:13:00,data,0,390.89,Lomé
user_0300,2025-06-22 17:33:00,sms,0,0,Dapaong
user_0076,2025-02-27 13:37:00,call,298,0,Kpalimé
user_0443,2025-04-21 08:47:00,sms,0,0,Kara
user_0156,2025-06-20 06:42:00,sms,0,0,Lomé
user_0132,2025-05-31 21:09:00,data,0,99.71,Dapaong
user_0213,2025-04-13 19:01:00,call,582,0,Lomé
user_0261,2025-03-24 17:10:00,sms,0,0,Kara
user_0251,2025-04-01 15:54:00,data,0,175.12,Tsévié
user_0233,2025-01-22 21:34:00,call,119,0,Atakpamé
user_0080,2025-03-28 21:55:00,data,0,84.53,Atakpamé
user_0285,2025-03-16 16:52:00,sms,0,0,Kara
user_0070,2025-05-29 18:23:00,data,0,244.17,Tsévié
user_0108,2025-04-24 04:51:00,call,63,0,Atakpamé
user_0076,2025-02-03 19:58:00,data,0,215.59,Kpalimé
user_0322,2025-05-22 14:20:00,call,320,0,Sokodé
user_0038,2025-03-02 08:53:00,sms,0,0,Atakpamé
user_0260,2025-06-24 15:24:00,sms,0,0,Kara
user_0376,2025-02-03 14:52:00,call,236,0,Sokodé
user_0402,2025-01-07 06:33:00,call,34,0,Kpalimé
user_0341,2025-06-21 04:41:00,call,171,0,Dapaong
user_0325,2025-03-23 18:01:00,call,302,0,Kara
user_0271,2025-06-02 12:46:00,call,319,0,Lomé
user_0357,2025-04-08 17:28:00,data,0,413.73,Kara
user_0241,2025-02-16 11:12:00,sms,0,0,Kara
user_0338,2025-03-07 02:57:00,call,199,0,Dapaong
user_0305,2025-05-30 02:45:00,data,0,323.79,Kpalimé
user_0425,2025-04-17 13:51:00,sms,0,0,Sokodé
user_0334,2025-02-21 17:43:00,call,31,0,Kara
user_0398,2025-03-19 19:54:00,call,207,0,Dapaong
user_0433,2025-01-10 09:33:00,call,387,0,Lomé
user_0247,2025-03-21 10:40:00,sms,0,0,Dapaong
user_0388,2025-06-23 03:34:00,sms,0,0,Kara
user_0196,2025-05-12 11:19:00,sms,0,0,Kara
user_0454,2025-01-01 08:18:00,call,352,0,Dapaong
user_0379,2025-05-03 09:28:00,sms,0,0,Tsévié
user_0418,2025-06-19 22:51:00,data,0,95.01,Sokodé
user_0003,2025-06-22 10:32:00,sms,0,0,Lomé
user_0404,2025-04-04 18:35:00,data,0,430.61,Atakpamé
user_0422,2025-02-18 15:08:00,data,0,184.44,Atakpamé
user_0436,2025-03-11 18:10:00,data,0,365.64,Lomé
user_0335,2025-02-04 17:07:00,call,161,0,Dapaong
user_0254,2025-05-08 14:04:00,data,0,333.68,Kpalimé
user_0412,2025-02-15 13:41:00,call,155,0,Lomé
user_0449,2025-03-20 11:30:00,call,301,0,Kpalimé
user_0335,2025-06-08 01:00:00,sms,0,0,Sokodé
user_0302,2025-01-16 06:58:00,sms,0,0,Lomé
user_0053,2025-06-25 21:56:00,call,397,0,Tsévié
user_0305,2025-06-18 02:02:00,call,515,0,Kara
user_0312,2025-06-06 20:05:00,sms,0,0,Atakpamé
user_0123,2025-06-30 12:39:00,call,307,0,Tsévié
user_0359,2025-03-21 20:49:00,sms,0,0,Sokodé
user_0478,2025-05-03 09:44:00,sms,0,0,Lomé
user_0413,2025-05-22 00:21:00,sms,0,0,Sokodé
user_0154,2025-04-18 14:52:00,sms,0,0,Atakpamé
user_0149,2025-02-16 05:54:00,sms,0,0,Atakpamé
user_0028,2025-01-19 19:28:00,call,592,0,Kpalimé
user_0243,2025-05-18 09:19:00,sms,0,0,Sokodé
user_0462,2025-01-26 18:56:00,sms,0,0,Atakpamé
user_0097,2025-06-09 13:18:00,call,385,0,Sokodé
user_0447,2025-02-14 05:43:00,call,40,0,Tsévié
user_0361,2025-01-26 06:38:00,call,250,0,Sokodé
user_0496,2025-01-15 10:51:00,call,206,0,Atakpamé
user_0233,2025-04-03 16:21:00,data,0,147.86,Kpalimé
user_0190,2025-01-17 13:39:00,sms,0,0,Lomé
user_0215,2025-01-23 03:49:00,data,0,268.05,Kpalimé
user_0498,2025-02-24 01:28:00,data,0,390.71,Kpalimé
user_0178,2025-02-05 01:34:00,data,0,300.9,Dapaong
user_0175,2025-03-26 02:42:00,sms,0,0,Lomé
user_0380,2025-05-11 16:04:00,call,425,0,Atakpamé
user_0375,2025-01-29 19:42:00,sms,0,0,Kpalimé
user_0396,2025-05-06 00:23:00,call,30,0,Lomé
user_0304,2025-03-17 01:12:00,call,259,0,Dapaong
user_0066,2025-01-30 10:34:00,call,202,0,Kpalimé
user_0360,2025-05-13 03:45:00,data,0,374.86,Lomé
user_0089,2025-04-12 08:13:00,data,0,382.71,Lomé
user_0247,2025-05-28 08:00:00,call,273,0,Kpalimé
user_0389,2025-01-26 13:16:00,data,0,239.72,Dapaong
user_0006,2025-04-10 16:19:00,sms,0,0,Lomé
user_0443,2025-05-29 17:11:00,sms,0,0,Dapaong
user_0203,2025-04-05 23:03:00,sms,0,0,Kpalimé
user_0417,2025-02-17 18:58:00,data,0,58.92,Dapaong
user_0044,2025-05-17 19:14:00,call,68,0,Dapaong
user_0381,2025-05-06 00:42:00,sms,0,0,Kara
user_0166,2025-01-03 00:13:00,call,32,0,Kara
user_0113,2025-05-16 21:26:00,sms,0,0,Tsévié
user_0413,2025-03-27 14:01:00,sms,0,0,Kara
user_0151,2025-04-21 04:36:00,call,125,0,Kara
user_0471,2025-06-26 21:55:00,call,70,0,Kara
user_0435,2025-04-29 11:08:00,data,0,119.12,Lomé
user_0004,2025-01-22 10:48:00,sms,0,0,Sokodé
user_0180,2025-03-16 07:41:00,sms,0,0,Dapaong
user_0019,2025-06-07 20:06:00,call,381,0,Kara
user_0196,2025-03-09 20:18:00,call,446,0,Kpalimé
user_0093,2025-06-27 19:14:00,data,0,83.65,Lomé
user_0250,2025-03-16 16:05:00,sms,0,0,Kpalimé
user_0219,2025-06-05 13:20:00,sms,0,0,Sokodé
user_0450,2025-01-30 13:07:00,call,162,0,Tsévié
user_0103,2025-05-27 09:42:00,data,0,75.13,Dapaong
user_0452,2025-03-04 01:46:00,call,262,0,Atakpamé
user_0300,2025-02-08 20:30:00,data,0,367.91,Atakpamé
user_0209,2025-06-24 18:32:00,call,72,0,Dapaong
user_0218,2025-03-17 06:26:00,data,0,74.75,Kpalimé
user_0068,2025-05-13 03:37:00,data,0,232.25,Kpalimé
user_0049,2025-02-15 12:19:00,call,276,0,Kpalimé
user_0167,2025-01-07 11:18:00,data,0,136.48,Lomé
user_0109,2025-06-20 22:53:00,call,595,0,Sokodé
user_0078,2025-04-01 08:55:00,sms,0,0,Kara
user_0261,2025-04-30 00:15:00,data,0,499.87,Atakpamé
user_0287,2025-03-07 07:14:00,sms,0,0,Kpalimé
user_0231,2025-03-02 05:04:00,data,0,329.52,Dapaong
user_0452,2025-01-31 13:03:00,sms,0,0,Tsévié
user_0311,2025-06-29 00:50:00,data,0,195.72,Sokodé
user_0310,2025-01-20 22:21:00,data,0,349.65,Atakpamé
user_0467,2025-03-28 00:32:00,sms,0,0,Kpalimé
user_0116,2025-06-15 18:10:00,data,0,365.89,Sokodé
user_0382,2025-01-17 04:58:00,sms,0,0,Tsévié
user_0271,2025-03-29 18:03:00,call,570,0,Tsévié
user_0408,2025-06-30 17:18:00,sms,0,0,Kara
user_0069,2025-05-30 17:38:00,call,137,0,Kara
user_0022,2025-05-22 19:11:00,data,0,395.32,Tsévié
user_0072,2025-01-15 07:01:00,sms,0,0,Kara
user_0064,2025-03-02 14:55:00,sms,0,0,Dapaong
user_0230,2025-04-09 18:12:00,sms,0,0,Kpalimé
user_0425,2025-03-31 16:32:00,data,0,54.16,Kpalimé
user_0117,2025-01-13 17:19:00,call,523,0,Sokodé
user_0419,2025-03-26 13:05:00,sms,0,0,Kpalimé
user_0031,2025-03-09 18:55:00,sms,0,0,Dapaong
user_0057,2025-04-30 05:12:00,call,356,0,Lomé
user_0202,2025-01-12 13:07:00,data,0,364.96,Kpalimé
user_0012,2025-01-08 14:53:00,call,381,0,Lomé
user_0401,2025-02-16 15:21:00,call,364,0,Dapaong
user_0011,2025-06-07 07:19:00,sms,0,0,Kara
user_0393,2025-01-19 14:55:00,call,66,0,Sokodé
user_0187,2025-06-04 14:56:00,data,0,339.32,Dapaong
user_0489,2025-02-23 09:55:00,call,179,0,Tsévié
user_0440,2025-01-28 02:01:00,data,0,308.83,Tsévié
user_0056,2025-03-06 18:52:00,sms,0,0,Dapaong
user_0317,2025-03-29 02:42:00,sms,0,0,Atakpamé
user_0432,2025-06-17 21:35:00,data,0,262.49,Lomé
user_0212,2025-06-02 23:33:00,sms,0,0,Atakpamé
user_0118,2025-05-25 07:05:00,call,367,0,Atakpamé
user_0345,2025-06-24 01:02:00,data,0,28.76,Dapaong
user_0459,2025-01-13 12:23:00,sms,0,0,Atakpamé
user_0004,2025-02-22 02:03:00,data,0,196.97,Tsévié
user_0105,2025-05-11 12:31:00,call,446,0,Dapaong
user_0432,2025-03-10 01:26:00,data,0,191.59,Dapaong
user_0065,2025-04-25 23:34:00,sms,0,0,Kpalimé
user_0295,2025-04-07 07:47:00,call,548,0,Kara
user_0413,2025-04-22 10:26:00,sms,0,0,Sokodé
user_0019,2025-05-25 04:08:00,sms,0,0,Atakpamé
user_0433,2025-01-03 01:18:00,call,150,0,Kpalimé
user_0335,2025-01-06 17:24:00,sms,0,0,Tsévié
user_0286,2025-05-29 10:38:00,sms,0,0,Dapaong
user_0243,2025-04-11 14:47:00,data,0,190.8,Kara
user_0473,2025-06-10 18:26:00,data,0,117.74,Lomé
user_0158,2025-01-11 07:39:00,call,463,0,Dapaong
user_0261,2025-06-22 09:03:00,sms,0,0,Dapaong
user_0493,2025-04-14 14:09:00,data,0,485.29,Kpalimé
user_0229,2025-03-04 15:27:00,data,0,67.48,Kara
user_0036,2025-04-08 03:19:00,data,0,421.05,Kara
user_0132,2025-05-24 04:20:00,data,0,56.49,Sokodé
user_0251,2025-04-09 20:16:00,data,0,82.7,Atakpamé
user_0180,2025-03-23 14:27:00,sms,0,0,Sokodé
user_0286,2025-01-23 01:52:00,data,0,177.6,Dapaong
user_0296,2025-06-09 20:09:00,call,595,0,Dapaong
user_0157,2025-01-15 09:46:00,sms,0,0,Kpalimé
user_0172,2025-01-15 23:16:00,sms,0,0,Lomé
user_0438,2025-05-29 23:56:00,sms,0,0,Sokodé
user_0386,2025-05-12 13:19:00,call,103,0,Kpalimé
user_0216,2025-03-03 15:55:00,call,84,0,Tsévié
user_0079,2025-05-20 23:06:00,sms,0,0,Kara
user_0129,2025-02-12 15:23:00,data,0,31.11,Dapaong
user_0180,2025-01-12 16:24:00,data,0,75.53,Kara
user_0209,2025-06-11 04:09:00,call,103,0,Sokodé
user_0291,2025-04-22 23:56:00,sms,0,0,Sokodé
user_0389,2025-06-02 15:37:00,sms,0,0,Tsévié
user_0331,2025-01-12 23:42:00,data,0,101.91,Sokodé
user_0048,2025-05-16 02:56:00,call,140,0,Tsévié
user_0135,2025-06-12 20:17:00,data,0,323.48,Lomé
user_0028,2025-01-12 15:08:00,sms,0,0,Dapaong
user_0260,2025-06-10 01:09:00,data,0,461.58,Sokodé
user_0371,2025-01-16 11:11:00,call,216,0,Lomé
user_0361,2025-06-22 23:05:00,sms,0,0,Sokodé
user_0051,2025-04-13 14:35:00,call,252,0,Tsévié
user_0211,2025-02-22 08:09:00,call,221,0,Dapaong
user_0429,2025-01-17 03:27:00,sms,0,0,Atakpamé
user_0031,2025-05-12 12:10:00,sms,0,0,Sokodé
user_0147,2025-03-20 20:31:00,call,540,0,Dapaong
user_0349,2025-04-18 05:21:00,call,375,0,Kara
user_0114,2025-02-19 19:28:00,data,0,240.98,Kara
user_0007,2025-05-16 04:59:00,call,183,0,Dapaong
user_0435,2025-02-10 22:11:00,sms,0,0,Kpalimé
user_0444,2025-01-12 17:32:00,data,0,200.42,Lomé
user_0019,2025-04-15 13:38:00,data,0,371.15,Dapaong
user_0450,2025-04-28 12:40:00,data,0,305.26,Atakpamé
user_0296,2025-05-27 21:29:00,call,481,0,Tsévié
user_0286,2025-03-17 18:51:00,call,390,0,Tsévié
user_0208,2025-04-16 17:06:00,data,0,197.59,Lomé
user_0195,2025-04-12 02:10:00,data,0,47.2,Dapaong
user_0134,2025-03-04 01:11:00,sms,0,0,Kara
user_0248,2025-05-08 19:21:00,sms,0,0,Lomé
user_0483,2025-06-02 09:15:00,call,278,0,Tsévié
user_0257,2025-06-08 11:09:00,call,400,0,Atakpamé
user_0021,2025-06-12 05:20:00,data,0,420.72,Sokodé
user_0113,2025-06-14 12:06:00,data,0,375.53,Lomé
user_0017,2025-03-16 01:24:00,sms,0,0,Atakpamé
user_0311,2025-01-16 14:08:00,call,354,0,Tsévié
user_0052,2025-03-27 15:26:00,call,366,0,Tsévié
user_0125,2025-01-01 17:48:00,data,0,334.39,Sokodé
user_0489,2025-06-18 22:55:00,call,378,0,Lomé
user_0032,2025-05-05 05:33:00,call,135,0,Tsévié
user_0435,2025-03-23 04:33:00,data,0,184.88,Kara
user_0053,2025-06-01 08:31:00,call,73,0,Kara
user_0155,2025-05-25 13:48:00,call,504,0,Kpalimé
user_0041,2025-04-14 19:37:00,sms,0,0,Kpalimé
user_0198,2025-06-17 20:30:00,data,0,85.38,Kpalimé
user_0444,2025-06-04 23:03:00,data,0,432.38,Sokodé
user_0239,2025-01-16 15:51:00,data,0,273.03,Atakpamé
user_0420,2025-04-24 07:05:00,call,526,0,Lomé
user_0415,2025-02-04 01:07:00,data,0,363.92,Atakpamé
user_0336,2025-03-22 17:42:00,sms,0,0,Tsévié
user_0387,2025-02-28 22:37:00,sms,0,0,Tsévié
user_0405,2025-02-27 07:57:00,sms,0,0,Kpalimé
user_0106,2025-02-10 04:15:00,sms,0,0,Kara
user_0162,2025-04-28 22:13:00,data,0,280.94,Tsévié
user_0353,2025-02-05 10:06:00,call,60,0,Dapaong
user_0289,2025-03-08 05:34:00,sms,0,0,Kpalimé
user_0052,2025-02-02 19:10:00,call,415,0,Dapaong
user_0227,2025-05-23 09:33:00,data,0,234.2,Dapaong
user_0448,2025-06-22 17:37:00,call,280,0,Tsévié
user_0057,2025-06-21 11:28:00,data,0,425.33,Sokodé
user_0462,2025-01-04 20:25:00,data,0,36.63,Kpalimé
user_0225,2025-04-13 10:15:00,sms,0,0,Kara
user_0336,2025-03-07 12:51:00,call,123,0,Kpalimé
user_0479,2025-03-15 19:19:00,sms,0,0,Lomé
user_0170,2025-02-06 03:18:00,sms,0,0,Tsévié
user_0346,2025-01-29 20:40:00,call,198,0,Tsévié
user_0231,2025-05-01 16:15:00,sms,0,0,Atakpamé
user_0304,2025-04-07 15:29:00,call,336,0,Atakpamé
user_0456,2025-03-28 05:25:00,call,301,0,Kpalimé
user_0207,2025-05-17 14:20:00,data,0,214.46,Tsévié
user_0072,2025-06-26 04:27:00,data,0,422.05,Lomé
user_0075,2025-02-25 00:38:00,data,0,240.05,Atakpamé
user_0033,2025-06-22 03:39:00,data,0,94.1,Atakpamé
user_0371,2025-01-04 04:24:00,sms,0,0,Lomé
user_0121,2025-04-04 05:51:00,call,345,0,Lomé
user_0389,2025-02-28 01:01:00,data,0,299.31,Dapaong
user_0146,2025-01-11 08:30:00,data,0,266.6,Kara
user_0380,2025-02-07 13:13:00,data,0,253.0,Tsévié
user_0182,2025-03-17 12:10:00,data,0,240.67,Kara
user_0407,2025-05-04 08:18:00,data,0,448.26,Tsévié
user_0092,2025-03-02 22:43:00,data,0,196.06,Sokodé
user_0092,2025-04-29 00:40:00,sms,0,0,Kpalimé
user_0206,2025-01-25 10:47:00,data,0,147.21,Tsévié
user_0006,2025-06-26 10:52:00,call,283,0,Dapaong
user_0056,2025-02-23 15:17:00,data,0,46.17,Sokodé
user_0205,2025-04-03 05:14:00,call,254,0,Atakpamé
user_0310,2025-04-02 11:05:00,call,289,0,Lomé
user_0113,2025-01-06 10:38:00,sms,0,0,Dapaong
user_0456,2025-06-11 22:44:00,data,0,246.78,Dapaong
user_0417,2025-02-06 16:19:00,data,0,88.36,Sokodé
user_0462,2025-04-15 08:17:00,data,0,443.98,Sokodé
user_0381,2025-02-14 23:12:00,data,0,241.34,Sokodé
user_0004,2025-06-14 12:08:00,call,75,0,Tsévié
user_0289,2025-04-22 07:17:00,sms,0,0,Kara
user_0320,2025-06-19 21:03:00,sms,0,0,Sokodé
user_0328,2025-06-08 00:56:00,data,0,28.09,Lomé
user_0449,2025-02-01 14:23:00,call,157,0,Sokodé
user_0354,2025-03-31 04:33:00,sms,0,0,Sokodé
user_0160,2025-04-09 04:20:00,sms,0,0,Sokodé
user_0313,2025-02-18 19:31:00,sms,0,0,Kara
user_0492,2025-01-25 06:47:00,sms,0,0,Dapaong
user_0389,2025-04-04 19:28:00,call,514,0,Tsévié
user_0433,2025-03-20 11:22:00,sms,0,0,Kara
user_0492,2025-01-12 05:25:00,call,95,0,Sokodé
user_0076,2025-05-28 00:07:00,call,295,0,Kara
user_0433,2025-02-27 00:27:00,sms,0,0,Lomé
user_0240,2025-01-17 21:29:00,call,242,0,Kara
user_0488,2025-02-23 13:41:00,call,126,0,Kpalimé
user_0111,2025-05-28 11:30:00,sms,0,0,Tsévié
user_0418,2025-03-07 06:04:00,sms,0,0,Sokodé
user_0433,2025-01-29 02:12:00,call,550,0,Dapaong
user_0395,2025-01-16 15:08:00,call,432,0,Kara
user_0454,2025-04-09 00:33:00,data,0,118.44,Kara
user_0255,2025-04-16 08:02:00,call,272,0,Atakpamé
user_0196,2025-05-29 08:55:00,call,561,0,Atakpamé
user_0094,2025-06-22 21:07:00,call,201,0,Atakpamé
user_0377,2025-01-12 09:02:00,sms,0,0,Kara
user_0189,2025-01-26 23:34:00,data,0,391.82,Kpalimé
user_0164,2025-05-25 04:57:00,data,0,71.29,Atakpamé
user_0017,2025-03-25 06:24:00,call,264,0,Kara
user_0202,2025-01-28 15:12:00,data,0,351.92,Atakpamé
user_0065,2025-06-02 16:32:00,sms,0,0,Sokodé
user_0297,2025-01-16 23:49:00,call,378,0,Dapaong
user_0374,2025-06-23 22:43:00,call,206,0,Kara
user_0262,2025-04-19 03:35:00,call,76,0,Sokodé
user_0158,2025-04-28 07:44:00,data,0,363.87,Tsévié
user_0133,2025-05-24 11:35:00,call,394,0,Tsévié
user_0033,2025-03-22 19:31:00,call,600,0,Kara
user_0322,2025-01-27 00:49:00,sms,0,0,Kara
user_0277,2025-01-15 09:15:00,call,571,0,Kpalimé
user_0070,2025-01-27 14:43:00,data,0,61.37,Lomé
user_0096,2025-04-14 19:46:00,call,398,0,Atakpamé
user_0055,2025-02-22 17:07:00,call,537,0,Dapaong
user_0331,2025-03-06 16:00:00,call,344,0,Sokodé
user_0495,2025-06-06 01:01:00,sms,0,0,Sokodé
user_0377,2025-01-10 00:46:00,data,0,6.53,Sokodé
user_0332,2025-03-09 09:25:00,call,575,0,Atakpamé
user_0367,2025-05-25 18:05:00,sms,0,0,Kara
user_0003,2025-05-22 20:56:00,sms,0,0,Tsévié
user_0494,2025-01-15 19:07:00,data,0,334.99,Kpalimé
user_0002,2025-06-05 07:04:00,call,371,0,Dapaong
user_0470,2025-03-31 09:34:00,sms,0,0,Kpalimé
user_0464,2025-04-04 21:14:00,data,0,386.07,Atakpamé
user_0243,2025-06-02 03:31:00,data,0,486.83,Kara
user_0411,2025-05-21 13:38:00,call,509,0,Lomé
user_0390,2025-02-01 14:15:00,call,80,0,Lomé
user_0263,2025-04-25 23:39:00,call,61,0,Kara
user_0084,2025-03-03 05:48:00,sms,0,0,Dapaong
user_0366,2025-02-20 12:57:00,data,0,355.87,Dapaong
user_0224,2025-03-27 14:05:00,call,403,0,Atakpamé
user_0180,2025-06-23 22:52:00,sms,0,0,Dapaong
user_0495,2025-01-21 06:33:00,sms,0,0,Sokodé
